x1,x2,x3,x4,x5,x6,y
-0.9226822108263766,0.04528776322932436,0.6837525388108564,-0.10723835482531141,0.44403700450568806,0.047598550389849836,0.5744661686421855
0.515331204052857,-1.0,-0.45092516245177233,-0.26082340082336297,-0.37515636590616674,-0.021632625956345075,-0.251015809746412
-0.7892904297950409,0.2873733264161452,-0.7358118476805936,-0.26397229876098705,0.6804674649061864,-0.6057791590170705,2.1463212050898948
1.0,1.0,0.21781810004108815,1.0,1.0,-0.3320375921977394,-2.065287055602889
-1.0,-1.0,0.48041738323364935,0.35901749285005446,0.6182933259731711,0.8027142006251364,2.7501377358564603
1.0,1.0,0.4199339315448982,1.0,0.055576404318031514,-0.44227828576371436,0.5544678962273234
-0.588608404832283,-0.3427794133325248,-0.9685922642793328,0.4869304973772231,0.6434405019438214,-0.10199208520319769,-0.425383003931114
-1.0,1.0,-0.21348795206440996,-1.0,-0.9745103941506931,0.7517260709025926,4.8035726229121165
-0.21147821688306734,-0.5707341406093664,-0.8610167445143119,-0.43678382200577826,-0.5319381927201949,0.4136877926616214,0.3822540190766207
-0.28756067174454336,0.41866275490481997,-0.6665557485382386,0.12852294361838562,0.16758053253422583,0.6433209767026966,2.1604602915373663
-1.0,-0.372148776798141,-0.913272979900073,-0.3756955683661406,0.2000188262228236,0.824304109537009,3.3577381358635274
-1.0,-0.3130283292902627,-1.0,-0.47046163193511825,1.0,0.08934562386927336,-1.7649602756031437
1.0,1.0,1.0,0.9938952978143872,-1.0,-0.03891672814250946,4.312658708010558
-0.5476035197081555,-0.21450297387550887,-0.642757287226468,-1.0,-0.17048707416926745,-0.728124342641788,0.24116863493210883
0.2941658212258035,-1.0,0.15542172468794804,-0.5305471533957969,-0.7975050490973562,-0.48157240845357024,5.118383813369242
-1.0,-0.06026321094062048,-0.7847834149322537,-0.30398377964101875,-1.0,-0.5566018307100368,-2.226183475728661
-0.4806344004592715,-0.16572619645699105,0.6162145825129764,0.20803100547092218,-0.6670044712592711,0.3235066085673137,-1.1302853368504602
1.0,1.0,0.2570705356178778,0.4946761728597045,1.0,1.0,-0.3656777523258603
-0.8156008876751972,-0.22663361311981128,-1.0,-0.20202431710663538,-0.19975177053749793,1.0,6.029154623031516
0.1700887988100458,0.12764893924985632,1.0,-0.5886426205357131,1.0,0.15702158396105526,-1.619542964846503
-0.48493909066595225,-0.3215563435439489,-0.5313023502353237,-0.5452956897000473,-0.4935016352495559,0.5444654584503574,-0.6171510975489269
-1.0,-1.0,-1.0,-1.0,-0.7736328617414598,-1.0,4.116553018806871
-0.260071800873498,0.18660069609282015,0.9161102448471283,0.6357631596372127,0.6481664036711481,1.0,-0.9468507722168559
-1.0,-0.04814029970672018,-0.3562612562256837,-0.029726963832675812,-0.791683274737469,-1.0,-0.7653290166815645
0.07975987279066032,0.08728808202119276,-1.0,-0.8178051012661661,-1.0,1.0,7.766179614509224
0.21662100220406222,-1.0,-0.7963648211726109,-0.4229363427131924,0.7184906665380412,-0.014337477686199085,-3.152019647371003
0.11588817626980874,-0.20849979130136248,1.0,1.0,0.6701954986905955,0.28981115945524016,-1.9337908479231454
-0.8462348669943859,-0.1387301307427039,0.9384669126339965,0.7693621734589593,-0.722065885882791,-0.1356277226067366,-1.3797685845029681
-0.040148169633411224,-0.5015783234871044,-0.736241980790553,-0.45718639233011127,0.1502235730868815,-0.07193830963991082,-0.2976987587636951
-0.6420412598927294,-0.16094065579118866,-0.8116308384156496,-1.0,0.17222051318938522,-0.9084684254045662,3.1966823210992787
-1.0,1.0,1.0,1.0,0.8832065554389794,0.5125541600626043,-10.410807810896113
1.0,1.0,0.15716472820141747,1.0,-1.0,-0.1327023301742093,5.8945045836388
-0.2715218735548118,-1.0,-0.3592182702123894,-0.926326297699149,0.08429490305044252,-1.0,4.389970352134268
-0.4261926365432327,0.8546389717748035,0.5486817783677742,0.06988069720804549,0.9046237689322589,0.16449673302850165,0.02584038051594706
-0.10233050628980755,0.9601622454800947,-0.599151413796617,0.1743469670342912,-0.6698152654669396,-0.7767397558718274,1.5179385641229208
0.9140652971575915,1.0,1.0,0.8512599365930145,0.0005862556296903076,-0.06909893116374644,-1.7379681318615106
0.7721921131598386,1.0,1.0,0.1593128348823023,-0.2415242240974253,-0.7504548644111045,-1.0143318869103273
0.29166671096053887,-1.0,-0.6012856385906533,-1.0,-1.0,-0.11582973796659468,5.892707384658072
-0.6120939585188679,-0.5542367758629674,-0.0806569543176947,-0.7929221025272947,0.5049363708200079,0.6424530378114673,1.0982678800559218
-1.0,0.4290209686417017,-1.0,-0.5838861813345074,-1.0,0.09278938744281984,-1.9471036822618926
0.6760924982073326,1.0,-0.2938504255556769,1.0,0.43730119403351786,-0.5626915471594027,2.105244217290078
0.6570317525484881,0.05657962324322208,-0.06429575913516761,1.0,-0.5516619618921784,0.8707233638708958,2.9677296061646863
0.11333249411705437,0.30725524377212876,0.2928909227317167,0.5901072309269033,-0.23917305157541435,-1.0,4.658716219873425
-0.1329508266943824,-0.39494075367921744,-0.28788925154025957,-1.0,-0.9854263237674494,-1.0,4.102382820485208
1.0,1.0,1.0,0.7030878886097047,-0.3132450385090507,0.3940808749331006,-0.853171453883593
-0.3831840110643513,0.34823281115595367,0.5065699672512586,-0.7128999270938869,-0.6251304568343439,-0.5788750971743932,-0.312931692962372
-1.0,-0.9573587675821338,-1.0,-0.8128839828723002,-0.4443540774646415,0.14123741183023752,-5.731889584696613
-0.624115353563066,-0.6175183979128682,-1.0,-1.0,-0.22112502316167748,1.0,3.733102560810625
1.0,0.6244925437350202,1.0,1.0,-1.0,-1.0,8.666162355625211
-0.5176400067046607,-1.0,-1.0,-1.0,-0.05902788509319057,0.4004638288760718,-4.8978283918378915
0.11916358361141344,-1.0,0.42021512476238543,0.2399549473851591,-0.7669502107566466,0.1571357109399094,1.4902285055202655
-0.48573857935654996,-0.9527149510932871,-0.037341339505222226,-1.0,-1.0,-1.0,6.668121629979278
-1.0,-0.5986251884282592,-0.7795986065382319,-0.18595659040406187,1.0,1.0,6.622646097425149
1.0,0.9873893471664984,0.5948186259917181,-1.0,0.40802784725508534,0.7078519612094881,0.24486768694951944
0.39161444227530984,1.0,1.0,1.0,0.8328996906134758,1.0,-7.549659928571845
-0.4905588139511897,-0.19637267651943335,-0.13622306508830084,-1.0,0.6267340860064079,-0.2639536150999392,2.0918216818665996
1.0,0.6196051190260925,-0.01367103196280861,0.24818711957359707,0.05063870095761336,1.0,2.670789070975324
-0.1938429314486766,0.1144558032291404,-1.0,0.21862965088289082,-0.5884625850459853,-0.3549126545446099,-0.41091372073082283
-0.16569723702574157,-0.9596307984310847,0.5121535179705867,-1.0,1.0,1.0,-0.4759900039531152
0.2753166422381379,-0.20484427349035458,-1.0,1.0,0.448147552077261,1.0,5.313245820186704
-1.0,-0.37036284006253123,0.15567680746915152,-1.0,-1.0,0.641356769421875,-0.19142028804125621
0.9402304630840872,0.9964523039144169,1.0,1.0,1.0,-0.10413621338082613,-7.8808549707412885
0.8756253072320741,0.9611702225976124,1.0,0.26790081378625996,-1.0,0.13972285224936248,-0.034488411862660606
0.2501189236203624,-1.0,-1.0,-0.4471290234232208,-0.37639291263011443,-1.0,2.652437252820289
-1.0,-0.6531015266154863,-1.0,-0.339710402361715,-0.7038272498108762,-0.23547125262361304,-2.7216937170923443
0.32224364862793414,0.529114952905738,0.6364540018638525,-0.8591702476792614,-1.0,-1.0,2.121145920273367
-0.7163843313981779,-0.38436126537686155,-0.8392866015467262,-0.023155991132184195,-0.5591033111529093,0.31474848112622056,-1.2106277212971
1.0,1.0,0.5797820638915347,1.0,0.5858539277376247,1.0,-3.2034387841616683
-0.35120476741186796,-0.16813740161572988,-1.0,-1.0,0.18023637218100208,1.0,5.425144016125568
-1.0,-0.5870423338170436,-1.0,-1.0,-0.7299659208288539,-0.1912184330609604,-2.0182512665925345
-0.043067364139750375,-0.901368167609791,1.0,1.0,0.9997849339386446,1.0,0.09434899968213178
-0.10758395082993441,-0.8613837907761812,0.9100597864430711,-0.5443197623948025,0.8443044057271545,0.8339056721216163,-2.1229692992823272
-0.93087717662711,-1.0,-0.7088686196106665,-1.0,1.0,0.4128021027441042,-3.3107931976356517
0.24250623337707422,-0.3455851330245433,0.8411090867164768,-0.3846817511959789,1.0,1.0,-1.8787986496808655
0.08187595310048207,0.21703003638275534,1.0,1.0,-0.044137501815038255,0.022604612509722455,-1.8569083846938028
0.3683124020023244,-1.0,-0.5617429673317392,-1.0,1.0,-0.2372286424534819,-1.840616496009003
1.0,1.0,1.0,0.6165004517104926,0.3767842112022822,-0.06121334534067678,-4.139396713195631
0.1650231246078026,-0.20396104607711732,-0.814472005939577,1.0,0.6027294837404822,0.8923044865707529,2.697421401314614
0.5605458525725953,-0.08587512663296692,0.557985335658391,-0.6564787181718724,0.10267438867120737,0.4909162796497142,-0.1562449911252668
-0.4707184517180243,-1.0,-0.4655553640080534,-0.9848583187207627,-0.7557664434142204,-0.1289695359355802,1.1382122801719385
0.24372463772250647,-0.14918111819283414,-0.5111723124951371,-0.06777374365141296,-0.7716028629276974,-0.9197172429113107,1.3205689932418023
-0.927697038260658,-0.170720380493802,-1.0,0.1096280698874249,0.17289820186326166,0.8879999085280001,5.754716276067608
0.4989031617222883,0.7182241224192496,0.90829146156338,0.7659230450652825,1.0,-0.179940877914617,-3.4387257096362607
0.5719838091751015,1.0,1.0,0.4714219257969299,-1.0,-1.0,0.6802749816077401
-1.0,-1.0,-0.30208384482346984,-0.7214287318205095,1.0,0.03937143113158559,1.916427869397769
-0.09404598427112532,-0.8232166628109929,0.3319307274380039,0.291616459329497,0.7604232687945272,1.0,2.2468415988941755
1.0,1.0,0.3505983030034534,1.0,0.3039875477878262,0.9109655045363254,-1.1967077370018657
-1.0,-1.0,-1.0,0.09310494499240368,-0.22360977095158038,0.6330357378597009,-3.088351990248797
0.002873950531956493,-0.07917795740323097,-1.0,-0.5391912232205804,-0.3003912757509021,-0.6571351474315629,-0.07701905268620302
1.0,0.8953278039743429,0.5406905801747519,0.24791687251289685,1.0,0.0692871262169974,-3.0815243003721724
-1.0,-1.0,-0.6779621793872597,-0.8821578235839116,1.0,1.0,0.515539049176505
-0.8565356928695926,-0.6291259363605062,-0.22871847611816798,-1.0,1.0,1.0,4.302251698056001
-0.2325265394091087,0.5455138140918665,-1.0,1.0,-1.0,-0.8055121915966021,1.4221325044814312
-1.0,-1.0,-0.7569954312470555,-0.41242982658588073,0.18704417991208033,0.9768339978242697,-0.750045465269009
0.7752411740475454,-0.7466518086107273,-0.6512383998108335,-0.45248253714244985,0.7679505215634215,-0.3686380437655928,-2.010589596499864
-1.0,-1.0,-0.6656146863977682,-0.8893307000698882,0.2867454548418005,-0.8049788421007766,0.6024120236942917
-0.7499455646598343,-0.32111863927696616,-0.4376423531997078,-0.5852207254813626,-0.6765532671263181,-0.9752903074822397,1.7131282279254014
0.7449017238840863,-0.5960879667561938,1.0,0.4628874361879366,1.0,1.0,-4.776181837194497
-1.0,-1.0,-1.0,-0.5341972798739951,1.0,-0.5532016495446085,-2.8032610430229683
0.8783450679101714,0.5991744958120351,0.5360326773687163,-0.8312703689184417,1.0,1.0,2.670910044383878
0.3666462752743235,-0.37850597495454164,-0.7105181835619965,0.5380999351499611,-0.3526214325914716,0.9131778964952165,3.6286433773635904
-0.4124224123350013,-1.0,-0.4692097277507311,-1.0,-1.0,-0.31761530273965044,3.2583463645610617
0.13990232784905388,-0.2602031394865181,-0.16007334702036313,-0.7741772615665867,0.3732054500519073,0.21990535010257767,-0.3096542299406288
1.0,1.0,1.0,0.9196075971208792,1.0,1.0,-9.221765769082818
-0.0996601230994647,-0.28985929778412467,0.5755173993340265,-0.9340125488518569,-1.0,-0.9499353955469619,3.548152085616077
1.0,1.0,0.9875996484919387,-0.17713128346328788,-0.6376145201245396,0.5750746696839324,0.5879049219541761
-0.8672286374888611,0.21115683210760738,-0.19165211461769527,0.5935344998335605,-0.6699478332681694,-0.2568651142194792,-0.582390181180314
0.767230476818334,1.0,-0.3028119819966694,0.8918466031314063,0.8396883332293653,0.21954794043220893,-1.5673395620032964
0.5113152171156405,1.0,0.05306783662816983,-0.5018277180956896,-1.0,0.23833563049458517,3.1166295193948863
0.7105220431589095,0.2801910367047096,0.1739182140085117,0.2236365498867875,0.605805040987072,-0.7843393273050914,0.2912414601563865
-0.5784061263213475,0.8749188381651396,1.0,0.6470965877738136,0.023087897505951756,-1.0,0.11063623906500626
0.40996804458888003,1.0,0.8193866681523548,0.12421148162779128,0.5135053378915501,-0.5789135812928855,-1.8280798483575957
-0.7927365099161102,-0.006090328457745153,-0.8310467184502568,-0.8554905906208632,-0.5406206495216708,-0.3802527496263295,-1.410045050923519
-0.7443447360729843,-0.9314568206740585,-0.2547125243655367,0.4399140714223662,-0.4660612978781802,0.09613685219899015,-2.018225909139371
-0.0308277016352575,-0.36266300296178533,-1.0,-0.6828210539460491,-0.0712423854767128,-1.0,4.4576881245583255
0.698688508163687,1.0,-0.5125306347177885,0.13183482660778523,-0.8430927441099676,-0.40774600503079467,2.85949289068589
0.1922041000715642,0.8598734534326445,1.0,0.3131123354105001,0.27594463189644736,-0.15777666210407723,-1.8485612538013223
1.0,-0.9682358496399033,0.039809427347180404,0.28877779584253255,-0.5878785292073241,0.6494545726631633,1.3490081120550954
-0.26333266174032804,1.0,-0.044157538055688506,1.0,-1.0,-1.0,3.78644998263212
1.0,1.0,0.13896587227113333,0.2544322420038274,-0.15466809768714196,-0.854416232346288,3.8532655068810167
1.0,-0.16019631511428134,0.49278000546932976,-0.6358673614968937,0.22770008177285067,-0.36568957120968515,0.7737420038315108
-0.18440078086491435,0.41868028247782046,-0.629512501673106,-0.4116618011860189,-1.0,0.3156751985089091,0.5504453933952401
-1.0,-1.0,-1.0,-1.0,-1.0,0.18763795269251998,-3.456769480128014
0.328161426659483,-0.9501584494450869,-1.0,-1.0,-1.0,-0.9469300985993259,6.872487357581144
-0.09100007008665528,-0.21617584912323448,0.5272278950323568,1.0,0.4252316864875999,0.48234437674323366,0.008744525441366474
-0.5285356669939092,-1.0,0.5232198316268892,-0.5903555290532325,-0.3832495955747608,0.6157808192780152,-1.070916099254011
-0.5371310785591912,-0.7389320274925597,-1.0,-1.0,0.15028197487105488,1.0,1.2406783419206624
-1.0,-1.0,-0.5361363729037651,-1.0,1.0,-0.5343007910781354,1.977757699751594
-0.33319956785341737,0.8860311111914383,-0.28386129834224405,1.0,-1.0,0.9462503561298253,2.1282364977633588
1.0,1.0,0.10003258155744543,1.0,0.7466617232026856,-1.0,1.546862115556423
1.0,1.0,1.0,0.10798621689278098,0.10137067355170715,-0.6591417541644259,-0.6821123466294743
0.7340761901983179,-1.0,0.24768341602394944,-1.0,0.35393216185117327,-0.8211195801942557,5.974090767906249
-1.0,-0.08010196194245167,-1.0,-0.3305902471752345,-0.6749155763737688,0.9636887905936139,3.9448147162839775
-0.530708086026015,-1.0,1.0,-0.7376824644811204,-1.0,-1.0,6.235732848262506
0.29003945435598666,1.0,-0.32222674140598084,-1.0,-0.7477223341284699,-0.9027576446218246,4.528302403092429
-0.8490277144489201,0.06581576737252376,-0.3154624346655041,0.3790842253037984,-0.0033336385024946846,-0.6769191200734632,0.8288599186532233
0.08785933101686688,-0.38928540434147774,-1.0,-0.2350635145874968,0.9417267741675082,-0.19526211002697025,-1.6749501316834223
-0.6084736339573036,-0.6875767302174203,0.4441844288389525,-1.0,0.37488545678862717,0.42215921002732526,-0.9686081679234779
0.06830030541247478,0.7503630848453366,-0.8438439583666268,1.0,0.5234227395392101,-0.16387274732979795,-0.7580057875615545
0.33625608920258765,-0.21048525582444805,1.0,0.6094285131322836,0.5438462068648446,-0.23929141667953385,-0.3537720473009234
-0.9645917242276563,-0.9323133184449853,0.6415238132806966,-0.21423627172960164,1.0,0.4361479004067508,1.1391595898868685
-0.8031829678683985,-0.38746149989081125,-0.0664207482281719,0.4751204794479441,-0.6854479287419208,-0.8562090200675978,0.9355076616002187
0.9355957965825771,1.0,-0.27870796209169274,0.3069772257216986,-0.045524252154122924,-0.5420963444116145,1.270829738955595
-0.6104531074261634,-0.9461958659746328,-1.0,-0.29771149390291796,-1.0,-1.0,0.999464609837112
0.8737774980182197,1.0,0.882269355383908,-0.37400134831838167,-0.36733988600628276,-0.4752001071238032,-0.19197684222884576
-1.0,-1.0,-0.719314243804097,-1.0,-0.18006739231471358,-0.12475846687830028,-4.628769968662848
0.9797574898951147,1.0,1.0,0.9798936618519445,-0.35946748738374595,1.0,-2.6848006555262725
0.04120192736683771,-0.08788351034308783,-1.0,-0.9705871174842389,0.494386682798463,0.7917510324362408,2.0630068745243664
-1.0,-0.3175188510963904,1.0,0.3312202585215037,0.9033844522691836,-0.2637908888124496,0.5177914904833647
-1.0,-0.3980828630857567,0.33537525741696356,-0.9432193028249801,-0.6630555726046797,-1.0,1.7930574841207805
0.9022584298879597,0.7535412564497148,0.8932872835266679,0.20392679976490857,0.19689836233981095,1.0,-2.075268885707923
-0.44977052255591565,-0.31680933001958467,0.4498130592836327,0.31781791540099336,1.0,0.03335240769794262,1.5033621463851556
1.0,1.0,1.0,0.6952557071667642,-0.8569142714798405,-0.9118042782377584,4.954777547847228
-0.8821259086355462,0.023580966243721635,0.7628244538564277,-0.004896486221508289,-1.0,-1.0,-0.6977478603107287
-1.0,-0.6277904816231231,-0.8544675370856167,0.4397297962307273,1.0,0.2819814205211711,-0.7406602875880057
-0.07545191432443177,-1.0,-0.2847662632303778,0.24283429117249924,-0.6351797309582337,-1.0,2.5963464577096707
-0.9346048008740597,-0.38489208149608944,-0.4187132752573812,-1.0,0.45946538610151955,-0.9661103253602954,5.358511562279845
1.0,0.8895926589351082,0.6075135210850511,1.0,-1.0,0.2548664695450623,3.695728085434665
-0.9900150087452639,0.23128873198132494,-0.4396676272247444,-0.3962936008046155,0.4217247690882519,0.052100982621760994,1.2535986446499636
0.505502106781889,0.09494206953300344,0.0019909918135554427,-0.2658324651139805,0.16884504903774478,0.50709168035024,0.5772287471899085
-0.09553090648695672,-0.9331872758606624,-0.13662639395538634,-0.0021809067922674563,1.0,1.0,3.065859231084362
0.6138854122179489,0.593493646602173,0.876904983538149,1.0,0.09490943015228337,-0.8421379185560963,1.4239358177131223
-1.0,-0.9478662592632,-0.1628685797395366,-0.2812661273334628,0.02190078479418711,-0.5531750330786824,1.162784513475636
0.08298873802738721,-0.7420303455589006,-1.0,-0.7817377867686655,1.0,-0.25503526728627324,-2.307711867625164
-1.0,0.09536885324977284,-0.29399251849395935,0.0265525620852628,0.9336487401250178,1.0,6.2154265954611105
-0.8062485478882929,-0.6538296062632472,-0.6600853470873072,-0.5025649195262403,-0.2984092313093296,0.29440547781094645,-2.486871318553289
-0.9327660698651439,0.19305096980082048,-1.0,-0.8653601007156808,-0.49156765153556425,0.7169106336148557,3.2838037892857153
1.0,0.953091877046198,0.8107817958744779,1.0,-1.0,-1.0,10.123521373166005
-1.0,-1.0,-1.0,-0.8049190494141134,-0.02610207692709493,0.4422024089992005,-6.416762728837704
0.1255822889947703,0.697053388006522,-0.09416364831022937,-0.46969357074179124,1.0,1.0,5.425567445870123
-1.0,-1.0,-0.11483998198783785,-0.4254958751031015,0.9376922259058822,0.9353807002423495,1.9762519927176934
-1.0,-1.0,-1.0,-0.8426964409834563,-0.47500022772813066,0.3402344714636548,-6.429930138186465
-0.3891417791711124,-0.8472981329776395,0.42550142050501694,-0.9943272401501133,0.8657139145318562,1.0,0.6811495998193211
-1.0,-0.17270342812767314,-0.8934505295113646,-0.7385365316918022,-1.0,0.44959000752506323,-2.5381308343773217
-0.7998489348627444,-1.0,-0.804767556808555,-0.0892834422995823,1.0,-0.23109430738086312,-1.652972719215481
0.10627907021083821,-1.0,-0.85439515530637,-1.0,0.4693385724846345,-1.0,2.2087162207535376
-0.42342783325324573,0.22981881816489322,0.20926407295215887,1.0,-0.9514725772142361,-0.3429172099544191,0.5104915191862321
-0.4702918922348456,-0.16532030769081218,-0.05226669239945542,1.0,-1.0,-1.0,0.3921756298744957
-0.5276377089329283,0.07944422576826238,0.1277472556392577,-1.0,-0.27642980067419975,-0.027841533251401374,-0.7194750546178376
0.9161685544418066,1.0,0.4793662067123313,0.7368284756831336,1.0,0.6122232796207173,-3.8997825707642315
1.0,1.0,0.8970644984793799,0.267094685785372,0.9744778516603588,1.0,-4.889962315640142
-0.822201055300569,-0.28449285343288716,0.9255018626631433,0.9588228185106349,-0.2632849083545319,1.0,-3.497971100479215
-1.0,-1.0,-0.10096548778649342,-1.0,0.5093383571234121,-0.7682085590472258,4.735824227283671
-1.0,-0.5643008710793657,0.9412416505220543,1.0,-0.07709621973918102,-0.5406752748536514,-0.4160708764247606
0.9699677817046742,-0.41704808331388693,0.8796055721554104,0.029630159514537846,-0.45772337638103705,-1.0,7.83699211645876
0.3566911581883814,1.0,0.7182755455777087,0.38612430590155844,0.636911197240546,-0.00804110801049418,-2.7253338202945288
1.0,-0.6708906089126208,-1.0,-1.0,-1.0,-0.33748827317774766,9.32262470939804
0.9270101817181238,-1.0,0.4438939593674127,-0.2546008596951386,1.0,1.0,-2.60838628503502
0.06361956535682611,0.0437434617693222,0.18605060323235334,1.0,-0.20210532812304205,-0.1852070850665782,-0.4331997815875319
1.0,1.0,0.05214026742643507,1.0,-0.1374497130139546,0.1588504954729379,1.698959423783588
1.0,1.0,0.20202523377831416,0.7221995088357956,0.19795549741355412,-0.9074648002561795,4.178446446923109
1.0,1.0,0.9838801861398361,1.0,0.8688357197429872,-1.0,-5.655461953526797
-0.8670304580337582,0.755199294072763,0.9566769532330082,-0.5981638186578627,0.3415729242638624,-0.4896511107930501,-1.4785458233471587
0.880082008111198,1.0,-0.12654236308316802,0.5828235826524036,-0.21220123409003133,-0.26072631682112535,2.015721426715287
-0.232568885599579,1.0,-0.1674946794830094,1.0,0.7252480560074284,0.9687919564868244,3.4475663838410644
0.16922171536666758,-0.16946514265558976,0.6726538127395496,-0.4561091211042463,0.7694262375465242,0.6010162863804962,-1.1224993119643716
0.04811741932556424,1.0,1.0,-0.388779003868804,-1.0,-0.1865677956574343,-2.6294966759205285
0.503427670069995,1.0,0.6247726870586366,0.9140048186200564,-0.8390314582981657,-0.2658405913496731,2.628240785581991
0.49935077584914034,0.09005942283633561,0.7794162974920595,0.7357116573197471,-0.4358872771852055,1.0,0.06598720401262215
-1.0,-0.5609615122129806,-0.14498887839902364,-0.16618548045121614,-0.7263345577912069,-0.7624571461958853,0.6824519053781091
1.0,1.0,0.9344127081683169,0.22793677647657185,-1.0,-1.0,4.19911490674655
0.6339505255090615,1.0,0.40790321587664435,1.0,0.4682690865548676,-0.3371757197117132,-1.9515344263021228
0.08552578845566505,1.0,0.27581052306014797,1.0,-0.8090476054847089,-1.0,5.160287203433819
-1.0,-0.6135651237212351,0.10649511556715391,-0.7908941968456024,-1.0,0.5403997631607462,-1.582936236295578
-1.0,-1.0,-1.0,-1.0,-0.5119854874045858,-1.0,2.985195351344625
-0.8408208678967662,-0.5126773816100043,-0.497145834303749,0.6095511485757301,-0.3607725826077759,-0.9674518080732619,2.1157830047624415
0.5607649228161263,0.40894311919119414,0.2986694281000734,-0.1236148437161742,1.0,-1.0,0.3811445383224883
-0.26536534321022964,-1.0,-1.0,-0.34908831719934597,0.2763943604625255,0.6718139536076775,-2.1356364202238667
0.8894686079968248,0.6288883726235389,-0.2395945068429946,-0.14173176478380495,0.7385390871478639,1.0,2.2150187291700196
0.029088844504402953,0.019500188651369654,-1.0,1.0,1.0,1.0,6.990335412940158
-0.44458712146256885,0.02147386176624866,0.9087031729411778,-0.5117836049241566,-0.6471720561236526,-0.6016272448847,0.2929509986002493
-1.0,0.2769634631975081,-1.0,0.5268173813759421,0.2739781239534561,0.6905975040970763,3.35530487995071
1.0,1.0,1.0,1.0,0.15009973452859493,-0.5376809869105394,-0.9953682142389464
0.29650088035974753,0.9969048284058637,0.9229338814159371,1.0,0.750452783423763,0.13655370294514912,-5.652034799241398
-0.6958386221886901,-1.0,-0.5760569735059216,-1.0,-0.7294444408944085,-1.0,3.840065602505564
-0.8527016898508766,-0.9634624702979877,-1.0,-0.7341786303496132,-1.0,-0.6264075347388206,-0.8530192928194755
0.5634174248498678,1.0,-0.43189218399482265,-0.5839594456861769,0.7716753416143529,-1.0,-0.8651891175727942
-0.539340043238664,0.0017980380149283937,-0.0581831119506685,0.14560485775752396,-1.0,-0.967018290185381,-0.5495802027566277
-0.7609825911088186,0.5874884384500304,1.0,0.709573943898741,-0.5824249422033523,1.0,-5.284400084735628
-1.0,-0.4858335508724918,-1.0,-0.3825521151390193,1.0,-0.735221046345282,0.9323896810888116
0.5800284041812034,1.0,0.503322141047345,1.0,1.0,0.5826100228536506,-2.9116388366904613
0.29359713593937975,1.0,-0.02295030027476397,-0.631085017088797,-1.0,-0.21007515391339393,1.9416290777770824
0.9465625987777118,0.361603983740554,0.3346781903281722,1.0,-0.5727238867845346,-1.0,8.08373977341795
-1.0,-1.0,0.12437063026167058,-1.0,-1.0,-1.0,6.373242906913237
0.972330281157358,0.6594697356278132,0.2303920761842042,0.5240707812520055,0.10150611162003124,1.0,2.0045592319048784
1.0,0.20921399725376633,0.6766064243826069,0.2466974149229455,1.0,0.8923023473600612,-3.5789597623772424
1.0,1.0,-0.01249524028431448,1.0,1.0,1.0,-0.4511158240892298
-0.07443644892708412,-0.5439521535622189,-1.0,-1.0,0.8579595851869778,0.7300977438151786,0.2802165254051036
-0.9556003558343773,-0.6602909120895591,-1.0,-1.0,0.08204860448175944,-0.07384373780734807,-3.5553101358162
-0.7102442182240848,-1.0,-0.159492857001016,-0.12405431460462346,0.18339376579902333,-1.0,5.495854473134823
-0.16195179285774847,0.5897112945024969,-0.13846205885220159,-0.655817505196003,-1.0,-0.18053925779705504,0.09970189098376103
-0.09945003652141116,1.0,0.16869811873968077,0.01096902008484006,-0.4844747802686775,0.003067927789853986,-0.8269850854647134
-0.7971063665543634,0.3659782706375616,-0.4488347062577528,-0.3669157170540082,-0.04052250632481558,0.5028221754881171,0.5167455526689546
-0.9004306466793005,-0.711913698989896,-0.0372991915166483,-0.48749149084438914,-0.03829208668097339,0.8868818337236253,-0.7577901506214157
0.5289815764643926,-0.259746837876892,-0.21600446131204887,-0.13579675602286478,0.7336617275852881,0.2027555335406399,-1.1425618235197452
-0.0104409073643279,-0.31131980695668116,-1.0,-0.4446661942571083,1.0,1.0,5.474271197949342
-1.0,-0.9962346377835225,-1.0,-0.29408122548542726,-0.2777987509655365,-0.012951491041011204,-4.773540232128305
-1.0,0.19025636264708706,1.0,-1.0,-1.0,-1.0,-2.768357159799175
0.7015277114821907,0.6111443662289894,1.0,0.11431297706345916,-0.974696835402904,-1.0,4.408124186851638
-0.4330704045331901,-0.6651427657955715,-0.24766076211604873,-0.7551949206058319,-0.9623136430817272,0.568722943932281,1.0194066928580952
1.0,0.29677225431818766,0.9664785451757751,0.36104820167310736,0.4703686944067529,-1.0,-0.32922837514670333
-1.0,-1.0,-1.0,0.24993499720379553,-1.0,-1.0,-0.9533094034141607
-0.6619676875910763,0.7888263603039882,-1.0,-0.07686196609184948,-1.0,-0.3652600449876713,-1.6555596755186839
-0.17601431147793511,-0.18801550191339245,-0.9416171982105592,-0.5880694817011811,0.6476677613694289,-1.0,3.1240826191257467
-0.7010253313643491,-0.6615254008162328,-0.35047111588632085,-0.5317398921682461,0.04682951280703211,1.0,0.8626292464953295
1.0,-0.32094625138518085,0.8408819229644726,0.9342273512318454,0.1693386192032501,-0.3466660575893442,0.9124241040714415
1.0,0.037433745651278105,1.0,0.8073404161123339,-0.8849397498261115,0.9770183680638926,2.018470857236954
-0.28921761018984826,-1.0,0.09979374869551871,-0.6679754760216208,-0.463785359644451,-1.0,6.039149288134734
-0.4905237632851587,0.39393041272124957,-1.0,-0.6477718796019651,0.06955275614282419,1.0,8.544493142707726
-0.2385881429177723,-0.5938658293888652,-1.0,-1.0,-1.0,-0.4739791295553219,0.5091721362623942
1.0,1.0,0.6598984045959417,1.0,-0.4068230250986119,-0.328447603108165,2.5929748181468315
-0.1417596822836542,0.11671592652543816,-1.0,-1.0,-0.13289188362722903,-0.28127133850564023,-2.0102928619980585
1.0,0.7172352588938802,1.0,0.4832274528959719,-0.06108260789181896,1.0,-3.148566770303992
0.7023411228836179,0.7969877053615713,-0.5420139659417966,0.9669618535712456,0.3887548141214655,-0.057319814805664504,-1.0223778283018594
1.0,1.0,1.0,0.1727920304998547,-1.0,-0.46639965304276176,2.0100641362627325
1.0,1.0,0.09504479095720034,-0.5096569793540789,0.2934483912221935,-0.6937873004679136,0.10475329877213951
0.24501258013428795,-1.0,0.11003589303672542,-0.28286077764500855,1.0,0.9557362870982433,0.9029393055774655
-0.5403243280879637,-0.9959992066230761,-1.0,-0.1942864055914314,-1.0,-0.23084332497003412,-5.793815197713512
1.0,0.9797711596279919,1.0,1.0,0.6963015210772778,0.5148470119250435,-8.209346403464629
0.34207012147277127,1.0,0.5876040379504496,1.0,-1.0,0.23269665654674443,1.3261650863144576
0.519571452193448,0.36301313034148197,-1.0,-0.07867783880983978,-0.8673301025717246,-0.3936575356596164,1.8786723367976863
-0.4366179518119039,0.569175904593812,-1.0,-0.48581803065040785,1.0,0.8288635172622915,7.568328608705279
-0.033335015611341556,0.9103925210874253,-0.009537834029575865,0.5972751252738149,0.07382996639034478,-0.3073387552072652,-0.00676213600805059
-1.0,-1.0,-0.38573391677208946,-1.0,0.03616927383994695,0.16323402704729895,-3.566035053245409
0.6575154721088508,-0.6638472348504435,0.11374609870111063,-1.0,-0.51861185103503,-0.09718479227046295,2.635772707716579
-1.0,-1.0,-1.0,-0.4490166779744904,0.555527201530116,1.0,1.7254568285229757
-0.3664653760539086,0.16344615025514397,-0.29319824686649043,-1.0,0.6217072831778718,0.015131013795465442,0.776537843591831
-0.007647317604724119,-0.893534555657702,-0.013368424539254178,-0.41351793481567856,0.4357666406171899,-0.8989368510344272,4.3477820770186995
-0.808765624173999,-0.6536001238410292,-1.0,-0.7287633054129204,-0.43432110137259444,-0.28628495228413053,-1.9846979541297585
-1.0,0.21260056773480085,-1.0,-0.5001417931040189,-0.6849866503924682,-0.23972321518592338,-2.0634738120685587
0.69779735127741,-0.10444418073577116,-1.0,0.05827717483132577,-0.44559484138707905,0.4589122219696784,3.3589531914144457
0.49658630394221825,0.059983590469326026,-0.3743944902008932,-0.1347714913259065,0.1030741668885633,1.0,2.573044215678745
-0.8592115753329809,0.7111561441657306,-0.47409391221357966,-1.0,0.09805690772865022,0.6813774162111582,2.4015771898888585
-0.6843774096658861,-0.42189011118845543,0.9376872021151764,0.0075682818925751905,-0.18347215468635975,0.36804359970322525,-0.4838957697932742
0.09619877357321044,0.42868726212831954,-0.6047560314582705,1.0,-0.7433665707924817,-0.5034246999818479,-0.07492837641642902
-0.10901347932891459,0.13355164670815295,0.540908935046922,-1.0,-0.4399819326446711,0.13464636848528777,-0.7361999558800135
-1.0,-0.9913951351323244,-1.0,0.14628370888278142,-0.12642522089695715,1.0,2.1767250812672145
-1.0,-1.0,-0.20228847733869482,-1.0,0.5667750930491877,1.0,-0.8535109207975545
-0.2213500153132988,1.0,-0.5030887275332647,-1.0,0.14433625001949224,0.24366967028698716,1.6619901721824137
0.11321184504919257,0.2008169764712321,-1.0,0.36978934912176303,-1.0,0.3455004375278159,0.6838947750082537
0.5479413329820686,0.7522845008481025,0.8625137262518683,-0.39338694745592473,-0.023934954838623845,0.09631120954264061,-0.244886797779736
1.0,1.0,1.0,1.0,-0.36898175273586575,-0.04035061774058825,0.16953586989096459
0.4774162887976554,0.8862452866204598,1.0,0.48364334526527974,-0.32659335450338856,-1.0,1.2431813414156352
0.4348004564699073,-0.027157645402486552,0.17933435017595656,1.0,-0.875627669919896,0.2308888773782813,0.9655803041345856
0.047070950164163294,0.34948875776896854,-0.46820672521478013,0.340677152492238,0.2306012264609698,1.0,4.268549214175887
-1.0,0.5146814144732375,0.1991680851976799,-0.07898888899358747,-0.5161702634615772,-0.021495088050882495,-1.5233878173366884
0.6951939693148956,1.0,1.0,1.0,-1.0,0.2502804886277711,1.4349850741411465
-0.06630723909785396,0.30158132401571247,-0.0407721105472349,0.6818148850932798,0.4580886463261181,1.0,3.650930121352523
-1.0,-0.10181187278815385,-1.0,-0.8134491468645584,-0.8992195628474531,-0.03244867513135352,-3.330588014803787
-0.6366393595197364,-0.10824948651855523,-0.7676943496329331,-0.25174795601092514,-1.0,-0.8395808600532075,-0.09128112351861017
-0.1900891749894587,0.12545071283477904,0.5446953587222065,0.21140425189263662,-0.6005791298900908,-0.5603590092432412,1.219591238640308
0.13429129512097782,0.6686577491379562,-0.5532165520239196,0.9433058373896748,-0.07603770169607205,-0.4759773262582766,0.33958771839969454
0.03267555050876725,1.0,0.23618044214493505,1.0,0.6236560701249797,0.7705368277051416,-0.054711603388137464
0.27542303737893303,0.6090162081069497,0.2082279762628288,-1.0,0.8837253457922454,1.0,5.576129141274539
0.8910195561414604,-0.15761195229417357,1.0,-0.12184165313157697,1.0,0.41979004600275927,-5.222472644144314
-0.6411034178479786,-0.8685751548714218,-0.7577058765417237,-0.06317730365242902,-1.0,-0.2350640152946204,-2.6990264705206624
0.7980866545761354,1.0,1.0,0.03186708746660083,0.9227471832420703,-1.0,-4.301338412111215
1.0,-0.6300339437646714,0.77996471766021,0.5228278226602645,-0.22422415077313435,-0.7441032288657515,5.400577198116312
0.0381018669785127,0.6037119261646697,0.32090710450231885,1.0,0.704509334312571,0.3078963850420255,0.11100150511302853
0.9420755287730784,0.15961774439786458,-0.6391129553979592,0.4146290767574211,-0.5466470530728245,-0.706379170351179,3.4331368994866054
0.21134470048424664,0.29401737543186307,0.6607016120119145,1.0,-0.6492758289133549,-1.0,4.256418238241624
1.0,1.0,0.9681956646440253,0.6049550980269397,-1.0,-0.5798985968111587,5.681351144506343
-1.0,-0.8547059647667907,-1.0,-1.0,0.25471293034194636,-0.2517377940892861,-5.524820711321333
1.0,0.5296169818117438,0.01989217645906116,0.6673540829467143,-0.6480118485192163,-0.5897085243452203,3.8695294729079994
0.7626659129058481,0.28242861267369884,-0.9375970468259676,-0.8934537035744914,-0.2343826201046428,1.0,5.725074800043714
-0.6235016649357953,1.0,0.4376189594162424,-0.8241049062835559,-0.649964470550008,-0.5828253178776952,-2.181584399871629
0.20490275681186598,1.0,-1.0,0.8689958262307392,1.0,-0.5097634540246606,-1.344308888515509
1.0,1.0,1.0,0.5191584089793753,-0.7604614459334982,-0.44400434700986674,1.9986378415966124
0.3584506884935274,0.49602529990373756,-0.20130392465365599,-0.21965833383437022,0.2117961472536385,1.0,3.878685786061786
-0.41000539707023353,-0.19079773603544162,1.0,0.046865252753036823,1.0,0.9774143525071068,-0.3719220010607568
-0.3907279338573736,-0.5226427207797846,-0.2525672251064268,-0.6267106804941447,-1.0,-0.42842178159341904,0.9447354861484544
-0.23977729362504552,0.17575571214508423,-0.8291487348240025,0.4660983161813845,-0.8636176076763374,-1.0,2.185825970957336
0.8377965112266039,-1.0,-1.0,-0.8984938321977387,-0.30604298951301023,-0.07741692460412675,0.43841365094648665
1.0,1.0,0.3522314553630481,1.0,1.0,0.9975570164815313,-2.609046233430628
0.5116179263051366,-0.013021799383696187,1.0,0.6760489258083681,0.07991628897102682,-0.7545653736985699,1.0061165896186945
1.0,0.04282959369377726,0.3253306189216605,1.0,0.03970680292008888,-0.9273474381669735,4.918167058128912
-0.7230094539274801,0.44934293794538005,0.6708205714243922,0.7581920876440676,0.36395760765519786,-0.3010668140647902,0.1255081739656419
0.6950697324825513,0.9965531302575283,0.44269558155778166,-0.16475651360211813,1.0,0.338707429879632,-1.079927013415974
-0.5707045401960877,-0.15996824591864156,-0.3957476976363693,-0.08370642863508837,-0.9112235302323575,-1.0,-0.35257408148707353
0.8473691398640988,1.0,1.0,0.4841659980738673,0.914654829874751,-0.5324386568344491,-3.264549818950578
-0.6731787605179415,-0.07705118998381197,-0.7287100119110688,-0.2582686417757081,-0.028588429397851778,1.0,5.407260302559619
-0.456909225585335,0.42451136140212864,0.8469851045269192,-0.6084449370482903,0.5976354853543777,1.0,1.2248239366391809
-0.44937371035727103,-1.0,-0.9839463287865364,-1.0,0.08879785619122316,0.6590235405135694,-3.640893187463272
-0.7109959762483649,-0.290005097109965,-0.9946363785054355,-0.3422254178516294,1.0,-0.7945466725492597,1.833767444817548
-1.0,-1.0,-0.9540835252449891,-0.9503983170715353,-0.6829738623251415,-0.20596432073782586,-4.11032736461239
0.241104440679472,-0.27488918735839263,-0.6184234269311916,-0.1429119938926497,-0.6845941132369122,-1.0,2.4806163388895293
-0.4433681499396003,-0.31582875076949324,0.4848261776512712,-0.28074698088188077,-0.0006343865834157469,-0.14606853842870937,0.3190648772925322
-0.9154635046764812,-0.1853858973778313,-0.3417693211308006,-0.7490375613268434,0.5973618976445296,-0.32705498276483397,2.7018625446618127
-0.2845883808848333,-1.0,-0.09020473433864717,-1.0,1.0,1.0,1.742136449591805
-0.13156461656465268,-0.6669847778245477,-0.532719499886061,-0.7721079893451379,0.8230712581010774,-0.0709135119918255,0.2836584274012989
-0.8537854537816926,0.0010407587904433524,0.22207591139485205,-0.62268759004651,-1.0,-0.952932294590332,-0.39978752480828683
0.35301239051832445,1.0,1.0,0.46791173165890676,0.2882607761516136,0.7946262400824595,-3.479614756965235
0.8182175384149344,0.9799104829112129,-0.2686197861005083,1.0,1.0,1.0,2.121116845784337
1.0,0.6305063786482857,-0.4905029042754909,1.0,-1.0,-0.05520347912357382,3.5257958645374243
0.6215844559656725,-0.9230795328533403,-0.14360143308328488,-0.5912442173385093,0.24804492552271176,1.0,0.41448045980825327
0.061792912557759094,-1.0,-1.0,-1.0,1.0,0.7961204715759915,-4.284501326671626
1.0,1.0,0.7780969924673364,-0.24160321704470666,0.8767087893807086,0.9037028064370343,-2.052187129493537
0.6715525299748843,-0.6441959387244796,-0.07852208266161442,-0.5247360037342055,0.4340681390378373,1.0,-0.085585109937166
0.2351278938298631,1.0,1.0,0.347399647568555,0.2528573812014979,0.227923310094455,-2.897979087233348
0.16653891485276306,-0.028794372206352392,1.0,1.0,0.6186906087433905,1.0,-1.8176237399792474
0.5787135807394994,0.4776799828095229,-0.7588914914467251,0.08372769120251067,0.07259583089622446,-0.7833044216717197,0.3589429306336576
0.5183282934908676,-0.23194638748503937,-1.0,-0.05369151551919332,-1.0,-0.09589564751836932,0.9477034266039268
-0.9813476555975738,0.5592982157306561,-0.5307881138222341,-0.08863782396651398,-1.0,-0.5708181490537776,-2.6600919932164877
-1.0,-0.5168121585798043,1.0,0.39444176323047114,0.680245192106484,0.22551496041571456,-0.7081710507799642
0.13024084522641344,-1.0,0.5382898153084135,0.37592143652823573,1.0,1.0,2.1573747230610243
-0.7455939224194548,0.5572563042810039,1.0,0.9540243198384742,1.0,-0.5024570850205036,-1.563208684619069
-0.8581456486238741,-0.8058787557396889,-0.6892881287190953,-0.14584284818345628,1.0,-0.3088619995432951,0.4664524251556087
1.0,0.4914332753925681,1.0,0.25600842923679634,-0.4022056263326891,0.05481143523675247,1.1225466074996542
0.6000006321819249,1.0,0.6255643059958622,0.6872612903776453,0.07945506330803644,-0.9863772993345102,2.3259896649374765
0.8790640662169252,1.0,1.0,-0.5362127134300826,1.0,1.0,-2.7284027429687816
-0.06871806083208838,1.0,-0.18822483541844293,-1.0,-0.15339005417127866,0.5037141972643968,2.406778686761244
0.9841651882554179,-0.8709165156442278,1.0,0.6317664411339892,1.0,1.0,-3.4944605935197197
-0.8791551030216912,-1.0,-0.728990630717951,0.2966343179716868,0.484701548910057,0.6693381348237818,-0.042352007632905746
0.7927893792154104,0.3441919654827188,1.0,1.0,0.5241072254147517,-1.0,-0.4622972198218726
0.8012618458094432,-0.30246228403754266,1.0,-0.06707927040854572,-0.1697748241024899,0.5221994377756165,-1.1138838613558948
1.0,0.31014770042096873,1.0,0.09121880756987727,-0.747825912825538,-1.0,5.208690323772393
-0.0037446745210519827,-0.4741540342315012,-0.3757097480572387,-0.12153709134940349,1.0,0.7375738011843145,1.7826429696635175
1.0,1.0,1.0,1.0,0.5660793159644125,0.7586686666195814,-8.45600141975906
-1.0,0.4611066624463424,0.22436154334041736,-0.46585088192100843,-0.5019709176197484,-0.615388859481582,-0.09397475688353041
1.0,1.0,-0.19738609006050295,0.8819973493730349,0.33042082363515224,0.4135945077104839,-0.09846018226975255
0.23925039674606552,0.415530296950972,0.64885336268127,-0.16617139419525528,0.695503002026514,1.0,1.6323435054638775
0.8873751790736282,0.09348372269484101,-0.16364424827828875,0.8120096155072941,1.0,0.11737045361276689,-2.757434506195108
-0.6552549496888973,-1.0,-0.24968780531243584,-1.0,-1.0,-0.32977468014652833,4.540627868333388
0.42005165388490595,0.5236062262082528,1.0,0.6198766514515899,0.9926815454001898,0.4832623888866001,-2.588054460357457
-0.6904064346933456,-0.11410786562852199,-0.1972435302402109,-0.4806495831666471,-0.30897294829449523,-0.5933295791860054,-0.30240649465444563
-0.016111709367226834,1.0,0.4490532823408271,0.5698688473213559,-1.0,-1.0,2.053550246217256
0.2962179085695682,1.0,0.5055658239504226,0.16674753564471667,-0.7489226557565547,-1.0,0.9728676220648619
0.8014903775099529,0.6317831648216046,1.0,0.3257267201753429,1.0,0.8705623679555663,-4.99094163826446
-1.0,-0.05705473345629686,-1.0,-0.8865491237364638,0.23034889817834925,0.6667786097728868,1.895565606596541
1.0,-0.28294706997101104,1.0,-0.3963921120557938,-1.0,-0.49013406654913894,7.966103193169501
-0.2947239987382271,1.0,1.0,0.20855762969004743,-0.3940067514482928,0.131973472481956,-2.4775158887032678
0.5484713480861658,-0.06093197176567866,0.5499878493115712,-0.5646520279882993,0.6045785527239056,0.45515738589805893,-0.45623343445915154
-0.9808748030604669,-0.7392521480641021,-0.21081570289423024,0.6768265436581961,0.720014964786243,-0.024752698919934424,1.320700301545189
0.9468200596206464,0.24329924520510005,-0.08970225311097044,1.0,-1.0,-0.9452525077263609,8.366864556278562
-1.0,-0.8320605339665874,-0.44351725184312996,0.22125298220853357,1.0,0.05511197382673416,0.7481908817359352
-0.4282692944780878,0.6434903715367513,-0.6152910032779833,0.9933299683203414,1.0,0.3282413281412771,1.0784365120515793
-1.0,-0.5793393223927552,-1.0,-0.8117483250620937,-0.36881438794876586,-0.24428090080668363,-1.6397233905838957
-0.42413540536503175,0.144763458907695,0.3868188993599482,-0.8579413304318919,-0.44271493303523746,-1.0,1.303931743487226
-0.2600511489095692,1.0,0.23660559430056904,-0.2515526138299498,0.5588764520938259,0.16544416471844703,1.2529924889019624
-1.0,-1.0,0.003498410697286597,-1.0,0.06391817878107059,-0.3806072010887605,0.808556013937807
-1.0,-0.692367044629774,1.0,-0.11170073709222841,1.0,-0.0693594462169303,0.5773569395725925
0.12543048135758603,-0.7872295671898347,1.0,-0.1341068980684008,-0.32043278248175633,-1.0,4.825196264106845
1.0,-0.4875845953344259,-0.016900891619432284,0.14964126185351412,-0.7874259571046069,-1.0,7.983962062913315
1.0,-1.0,0.29273600852373816,-0.41172767684726036,0.18190864226585035,1.0,0.40729412337321536
-0.8446798222363662,0.20471778212435204,-0.21342476280654532,-0.8344123773170372,-0.2939245699682913,-0.19425124981919495,0.37001437376045576
0.2423547346648085,0.1043114799946546,-0.17745599952160362,-0.4524986677266878,1.0,0.9114316674151567,3.175583200535885
-0.011547426923474824,-0.6022365234570969,1.0,1.0,-1.0,-0.7763878468792016,1.0700683737507635
1.0,0.5455684713876989,0.7113695613975649,0.4555841512251956,-0.5550365845470343,0.07608651682130096,1.8858498720932404
0.4279767231297329,1.0,1.0,0.1976639135880991,-0.6228155648351753,-0.7601197401494636,-1.257137610242211
0.11307483632068782,-1.0,-0.640947359301682,-1.0,0.27640024658870976,-0.05237492290340921,-2.946560554300791
0.5154694210708914,0.3325458121086766,0.15360544769366702,0.5818058849905612,0.4743249747988134,0.23100595608561547,0.3811937414521194
0.5760945073299857,0.7225654304222475,-0.3519196001069226,0.5337440762963406,0.6468065766143696,0.7202690230749634,1.3441927232520932
1.0,0.2060040026904313,1.0,1.0,-0.06109487916572359,-0.3552755619962864,0.6502008783115278
-0.154539308676661,-0.19069133763643897,1.0,-0.27575740452977787,1.0,0.043524674225209115,-0.7597435256825633
-1.0,-0.5786229933635445,-1.0,-0.5386027048341968,-0.3984958033233844,0.9812870040628674,4.07671008534387
-1.0,0.1454221982141929,-0.0569217427024683,0.39289331016180495,-0.4064101795997716,-1.0,1.735291138701201
-0.6729670162881018,-0.3955458980813451,-1.0,-0.11170712420050832,0.35204761012120395,0.5192077576150103,1.4470718698851341
-0.37345993109675035,1.0,0.5473637000999101,-0.4928229050360638,0.9910997325807662,0.9010166794976704,3.6418952901096295
-0.48061734560745933,0.7488911758097354,0.3618154791920497,0.5188427006340639,-1.0,1.0,-0.07457837681772143
-0.0019042449257145443,-0.35268190136154487,0.5378428738401393,-0.21258815747612306,0.17099842847958366,-0.2774492571633321,0.6807597195910869
-1.0,-0.33947996363585187,0.2215522641559411,-0.06847083225004774,-0.05558738394646118,-0.5081711765812396,1.5042864903005344
1.0,-0.38970019614530116,0.6382310100275528,0.730177652472083,0.36025132671901816,1.0,-0.7397751440569507
-0.9489805368083108,-0.6908578231767102,-0.8941350833682211,-1.0,1.0,-0.7457213957944129,2.2118775979944036
-0.3775755648713419,0.4589754175111089,0.09211689879149776,0.7355264767746694,-0.5724280199184504,-0.061607524739392405,-0.8705849063820449
-1.0,-1.0,-1.0,-0.6049795140006028,0.5083968332620057,0.9541382778212614,0.22891878577873415
0.6681710163618984,-0.12861718859643012,0.8075095018391163,0.14570970676039197,0.5170383226009481,0.615069240492014,-1.3945519948683103
-0.6201272841247816,-1.0,0.5441239387343508,-0.9208732782229088,-0.6731851348053941,0.10132948288723964,1.5766184881674694
0.6869480710807776,-0.22765423209213095,-0.7625164707069648,0.6367900460511363,0.6635253105439939,1.0,2.2988921939391993
-1.0,0.41405496721767454,0.7704386715762137,0.6661035545644551,-0.5212394152498965,-0.36404663840981677,-0.10487928583792583
0.42460284901668055,-0.7557748328964977,-1.0,-0.7062817985609859,-1.0,0.30737716939593546,2.529667846655373
0.02580556791788502,1.0,1.0,0.16208332164575867,-0.6863507112154862,-0.6865857879198289,-2.264858285970761
-0.6976066199235688,-0.43516093603568673,1.0,-0.21861100009993606,0.0808318182180444,-0.8266668144474221,2.094695060329519
1.0,0.715912088399705,0.8707097997074569,1.0,0.3391411347680746,1.0,-3.797819075191682
-1.0,-0.9080851148309619,-1.0,-0.9747180688844452,-0.7396412446200767,0.6766793554397045,-2.662499890001061
1.0,0.20259429108687466,1.0,0.46402394130893243,-1.0,-0.7943921509682907,7.045691851393528
-0.012123400608610238,-0.6542873021319253,-0.9221667063035915,-0.3533526961874584,0.4368634550523269,1.0,4.208207197726605
-0.04966311203139198,-1.0,0.9998074718466968,-1.0,-0.4304203153683675,0.004733457359751225,2.4937537917918715
0.22817767647737375,-0.47517901999345336,1.0,0.19606609511426187,0.5991950429204913,1.0,-1.6142199165181759
-1.0,-0.5151978791923026,-1.0,-1.0,1.0,0.3232466934323819,-1.8995802931512862
-1.0,-0.4116677487823713,-0.46149605546870737,-1.0,-0.5153664499226958,0.5036479887471246,-1.7499492772715866
-0.3925137100288869,-1.0,-0.8482219013186189,-0.8978989515771515,-0.965512788090086,-0.3278204191611732,-0.09171178898438515
0.2531863806351024,-0.4645694408400517,1.0,0.29229814645034935,1.0,0.9615876474216363,-2.1147345955200048
0.22170835227994745,-0.5672607483003619,1.0,-0.9737700889790768,0.6747209798352385,1.0,-5.501026430306801
0.6477474453989034,1.0,-0.11860865985962643,0.2521627428312674,0.08776281745008592,-0.4740600790777198,1.5052600135576562
-0.20968757751950898,-0.9374530389739859,-0.5273947687097241,-0.5567759665200369,0.17475243275362673,1.0,1.1677152364751375
-0.11805045397342057,-0.35540859431395044,-1.0,0.10666234099730715,-1.0,1.0,5.88482039962619
-0.6241410597172161,-0.6731618216003245,-1.0,-0.2954876845976173,-1.0,-0.9480514770617321,0.13898754426390403
0.8059641181894976,0.4103127830157843,0.46940505697629736,0.13532073442603995,-0.38846380997183894,0.5408794806797717,1.853306048366746
-0.06190178953104408,-1.0,-0.6582287450099578,-0.5602417795743848,0.20847377476307904,0.032919687566305034,-2.223247397027628
-0.11578314233035694,-0.2405311976094215,-0.07744713380192172,0.20991065638889672,1.0,0.021467322927162358,-0.3420349519740981
0.24123605325582115,0.09647963006484861,0.5637308992287681,0.605978200099456,1.0,-0.2236522586750635,-0.9850487323658939
0.545419160728809,-0.24507272010069153,-0.476040704964817,-0.2033394253093713,-1.0,-0.7192343051967277,2.2689446558271236
0.026132408509470795,0.08629822629357092,-1.0,0.34084933734336664,-1.0,-0.4169873869585769,-1.2298933801121221
-1.0,-1.0,-1.0,-0.37216088080032605,0.12496502492679543,0.3323317649759838,-3.985174888008073
1.0,0.8855982434757039,-0.13283595628546258,0.249003912847505,0.28263226984217793,1.0,1.9571987962138018
1.0,0.9880760204545771,0.5916328240183221,1.0,0.15769418226235843,0.6581140859755735,-3.065190659426146
-0.6524672242122078,-1.0,-1.0,-1.0,-1.0,-0.6295065959957937,1.6095726205305647
-0.31240534531302555,0.42473428770921634,-0.18744717362509,0.01636699999884164,-0.6106207708888765,-0.7396549857803494,0.787985677990574
0.9275110526865146,0.2514996602615576,0.06808255344931702,0.8742400133967729,-1.0,-0.23020197059823722,3.779852747510291
-1.0,-0.8595384302708717,-1.0,-1.0,-1.0,-0.5909860805985141,0.9215100250826692
-0.23858503593210023,0.22821899548205943,-0.6018535889466978,-0.7497990243179886,-0.8326124548273715,-0.708010211221462,-0.3351743011562694
0.12450507918309883,1.0,-0.11114695986456946,0.5008609900999172,1.0,0.6233725611257259,2.1573573863962996
1.0,-0.7318384705772429,-0.5831103427465658,-1.0,0.9972102720090976,0.7247769023578021,-3.5584647764700135
-1.0,-1.0,-1.0,-0.5657829234843872,-0.8715537414750472,0.25484783123143706,-5.770322218614853
-1.0,-0.6900604941735495,0.12134921469101567,-0.8825427214631496,1.0,0.8100945188480169,2.436310021027046
1.0,1.0,1.0,0.9375303154885816,1.0,0.9202026171188882,-10.55821593509945
-0.5515031169695875,-0.5624873470624319,-0.8107134449922724,0.030851450942279923,1.0,-0.044260384853920476,-0.14494797399626225
0.47675408675236924,0.3159334001213178,-0.5817162586172174,0.9054413999500317,0.7185443432890433,1.0,3.0909376090918292
0.08521648049836661,0.752935778802516,-0.6290380887826982,0.9137195332910734,-0.7051084345088514,-0.6612605774493303,3.463094959201526
0.6884265321412979,1.0,1.0,0.9984074951288886,-1.0,-1.0,6.1747506069894325
-1.0,-0.19208947274706167,-1.0,-0.5561628425601479,0.04322368928003972,0.7028481408985152,1.997158776750703
-0.301126926188368,-0.5472119674402813,-0.536008359572379,-1.0,-0.21026069127940378,1.0,1.56180889588425
0.1536559413253287,1.0,1.0,-0.7603245899625874,-1.0,-1.0,-3.9535060537697353
0.16360864250343332,0.6375520085739337,0.745422202115182,1.0,1.0,0.4116513421531246,-1.53113277777757
-0.15064990234281517,-1.0,-0.0040483463291300925,0.2671996089683709,0.6242526731404499,0.7191186077070033,1.0620405954168737
1.0,1.0,0.6591721382597053,0.7614207683990079,0.6904279846226347,0.32396706347473,-4.843812542082235
0.8259634284200146,0.4176370614702505,0.9184039361083984,0.7860790516559537,0.5760974857093262,1.0,-3.125975419162671
0.1707437104925587,-1.0,-0.05641745967578965,-0.2757271633740997,0.3581863916990762,0.08299466055532759,-1.4492868618710681
-0.06023926715720651,-0.4789850059089624,0.44598287419625593,-0.4024720396405439,0.09861407758288698,0.419185099778566,-0.9755462592535713
-0.3497732931646304,0.30107446622528017,0.4831775366722506,0.9284788751969111,0.3902424205434921,0.3985187241147881,-0.16489039884675602
1.0,1.0,1.0,0.599351301044124,0.11543979957877679,0.9227728453796691,-4.8588497782808275
0.46452273591675874,1.0,1.0,-0.1345482276604653,0.5268158385222942,-1.0,-3.4375989345634586
1.0,0.7490444673163923,1.0,0.6055167705895081,-0.06944654813588297,0.9444774775163736,-3.473309054062037
0.884638043619268,0.48678756173245596,1.0,1.0,0.671570591669285,1.0,-6.276326343041794
-0.8182022793692681,0.6461787482722685,-0.2075300465693789,1.0,-0.2193679799133017,1.0,0.22532174301133406
-1.0,1.0,0.36429097025594703,-0.9993341825969112,0.7653307947557706,1.0,2.3124268873014917
0.8837673248465387,0.3310262722140406,-0.1767636845975311,1.0,0.24767155071795652,0.6694703250635656,0.47032421899541066
1.0,0.4815058724952943,0.3728480524326838,0.9314186272482052,-0.9013455701405587,-1.0,8.862540025170084
-0.3829016148125981,-0.011141326890737768,-0.811964691921998,-1.0,-0.19815681885421757,1.0,4.842125722674352
-0.6813234790623701,-1.0,-0.7870567748812982,-1.0,1.0,0.2320341519042708,-4.052079644047393
0.9025495487774422,-0.15654919434173895,0.49515970299401324,1.0,0.39652464727845715,0.7075904154021014,-0.8873387023287939
-0.9371226583228869,-0.37411715380636545,0.45540680740154055,-1.0,-0.8379857045086542,0.7062986670269178,-2.370622221775312
0.4049388799366256,0.061716486087819655,0.8102518920714654,1.0,-0.12941334229060514,-0.5010939816186839,-0.20116450352316284
1.0,0.09371515398305053,0.7224296368152077,1.0,-0.8735228067497377,0.32306400305634225,2.855316251566006
0.7460736067894933,1.0,0.5844421563283186,1.0,-0.9639810745593917,-1.0,8.38850108491271
-0.06466145919616034,-1.0,-0.4358754679485103,-0.06671287058211517,-0.5684824636936938,1.0,2.580259586284399
-1.0,-0.21163146381756226,-0.8460856820799472,-0.5734810730106625,-0.4207747381465011,-1.0,3.692221812339457
-0.882647761492094,-1.0,-0.6305081724837223,0.5364559058066893,-1.0,-1.0,-1.6189870483905748
0.5798805991274516,1.0,0.6847331002658179,1.0,-0.8518836524975799,-0.46076083747848406,3.8083989055067713
-0.9723186748263233,-1.0,0.4442673715919036,-1.0,-0.8320002999961845,-1.0,7.166122508254559
-0.23376791128391017,-0.9935034718793783,-1.0,-0.529035478051762,1.0,-0.004107793437494289,-3.898673101860607
-0.05154668403012341,-0.5573235871295041,-1.0,-1.0,-0.28685035955077776,-1.0,3.5111122454167036
-0.26467483436331507,-0.2565729021430918,-0.4793455792242094,0.8412927655053941,-0.2304229244712449,0.27498888893236983,0.10175190414803408
-1.0,-0.551194985076008,-1.0,0.41765266989539906,-1.0,-0.3364705781426131,-4.889865793798451
1.0,0.41758188076574165,0.333111184909461,1.0,0.21409224202483346,0.24989644230223823,-1.1165301422780092
-0.5806472343858691,-0.4136138065637769,0.1365335560345241,-0.6447282379734518,-1.0,-0.6697968367484586,0.886488801494869
-1.0,0.016941014947375377,1.0,-1.0,-1.0,0.25252729308344374,-3.574215978409988
0.2488931368554369,0.3077329139980029,0.48498755624609036,-0.35871025740925244,1.0,0.6614023924037051,0.7811571283272611
1.0,0.5099157457106032,-1.0,-0.6834071339914765,0.1398946588895743,-1.0,1.0627509741187229
-1.0,-0.4014495820099795,-0.3734664619739061,-0.4534754766807503,1.0,-0.19376769973049945,1.9724372621951576
0.10098992511649077,-0.6233337646057605,1.0,-1.0,0.08994098130940154,-0.7352235582446891,1.624514587999432
0.10419364129512057,-0.1288987150629159,0.9203356124590327,0.7717633521011522,0.8485457720852492,0.1596769249760044,-0.9696565635794123
-0.576612213333423,-1.0,-1.0,-0.1756376054984956,0.2972340856198419,-0.27331473460740935,-2.8528066653334
0.962298074041579,0.05634490945979587,0.12614551513264138,0.7390664910398601,-0.3678289771295422,-1.0,5.983706331718578
0.9915874093822087,1.0,-0.4489473353529572,-0.5655842179410256,-0.6068012132686775,-1.0,5.313286945359309
-0.3807838796294615,-1.0,-0.7915699702459436,-1.0,-0.4186677095325152,-0.6760912766973318,0.7120687328978418
0.10133103192002124,-0.7648445137463422,0.6951945727707064,1.0,-1.0,0.5364435846168036,1.9412496776065133
-0.27726617352916083,-0.40409468083672406,-0.24910089534130342,-1.0,-0.418463249510837,-0.3379900133422708,1.1067095239884592
-1.0,-0.22665274653274703,0.03862490111763017,-0.3393416827666663,-1.0,-0.3736551671646844,-2.552213344070558
0.8256020931809074,-1.0,0.3897600868578012,-0.56563407461386,-1.0,-1.0,12.401846762307917
0.42523336939628714,0.9069904525155316,-0.4735939481196496,0.8029620758604804,1.0,0.23620278230863923,0.48509499921143917
-1.0,-1.0,-1.0,-0.48226527153237353,-1.0,-0.28255277133847057,-4.039170485133232
1.0,0.1321721803606819,0.8841587242364002,-1.0,-1.0,-1.0,8.098569400900528
0.7640223846383992,0.5080445008428089,1.0,1.0,-0.10393617671616073,0.9099298546536083,-3.0550475757121833
1.0,-0.1583732562084909,0.9929773829624579,0.7264322629635538,0.26509668043303863,-1.0,1.0231628860483966
0.5227975965441065,-0.5995706576118236,-1.0,0.14737963052296046,1.0,1.0,2.8038892757850746
0.3784367046394417,0.0248168662820321,-0.7849267358592448,1.0,0.6117854514140002,1.0,3.9801162988480283
-1.0,-0.39617987934010035,-0.18915008561673052,-1.0,0.2889908511352517,0.38553835490469734,-0.7263579744876165
-0.14538888855683152,1.0,1.0,0.46454045928950194,-0.18871703038492116,-0.5346986169119275,-1.7214671160399546
0.45901843043241997,0.4283430252448491,-0.29513357295886683,-0.6329000785411977,0.09007246589094309,-0.39782547274162794,-1.0022551354019578
0.14471933481606572,-0.7077573797209555,0.13147387077058384,-1.0,-1.0,-0.9517834339708771,7.722811399152991
-0.17655805091552912,-1.0,-0.07740393717059801,-0.48427929606239645,0.6824394404655298,0.6960079328266702,0.3224273716530863
1.0,1.0,1.0,1.0,-0.2666565025467893,-0.9770962004482475,3.1460392428900485
-1.0,1.0,0.3534869298920145,0.18032065944086983,0.8568147605365947,0.6281019707869521,1.7674946260177204
0.27587556913375033,0.8416824256583406,0.614441307278326,-0.8080157927298025,-1.0,-1.0,1.0961133828446272
-1.0,-1.0,-1.0,-0.3872806716388226,-0.8215543279170846,-1.0,1.3481116709305616
0.2959698604486638,1.0,0.32564567794207555,0.4500483716921915,-0.5946671084214512,1.0,3.2675269913227054
-0.0015538290051881898,0.21202037613412794,-0.25213168024086474,-0.34582143978245294,0.44350817967308676,-0.7398547106059945,0.47743997339729405
0.0038090507300383436,-0.1947948786737434,1.0,1.0,-0.11955549496363915,-0.30252535119195934,-1.0369592097940115
-1.0,-1.0,-0.9772633361336887,-1.0,-1.0,-0.007223137180051686,-2.2358818846312722
0.26536046778885647,0.7206150903242948,0.9601594384599469,1.0,-0.33469321798541807,-1.0,2.20224659011379
-1.0,-0.7541709022549761,-1.0,-1.0,-1.0,-1.0,4.877323595943881
-0.2131735798982206,-0.14670696854470655,0.368990191696548,-0.050809314518659526,0.9341648957203386,1.0,1.6956686427372858
1.0,0.737705150245096,0.7715767941513372,0.3032819423325446,0.9679689306818456,-1.0,-1.8024763990427348
-0.11740191648935516,-0.8887054385687193,-1.0,-0.06230164860678156,0.8756247996388301,1.0,4.2188820180397935
-0.5684593992053597,-0.27095902484353884,-0.6359852414900762,0.7225690426609277,-0.7066431399167121,-0.14048363819487564,-1.1378137035821814
-1.0,-0.8591667974046533,-1.0,0.22234700411707953,0.03998698837435943,0.02277934150928651,-2.2317693689043043
1.0,0.5081068020217452,1.0,0.5330877001024363,0.22805251637167212,0.3822786819742231,-2.1171658137608005
1.0,-0.21754525932840985,1.0,0.5842590735493485,-1.0,-1.0,7.122555721028878
0.7386499694968147,1.0,1.0,1.0,0.601905922158529,-0.4270795360821812,-4.112443761046653
-1.0,0.060567201745492336,-0.7111277267568,-1.0,0.37763837538871114,0.9044986426781032,3.2324402629307647
0.9449645004690961,0.004426076842937887,1.0,0.02290916536190557,0.6351893649062078,-0.8995050805478362,-0.513066552872258
-0.018007531188492826,0.09531459997723879,1.0,-0.03350233258061005,-1.0,-0.467790158745488,-0.7228011931146179
1.0,1.0,-1.0,1.0,-0.46962211904525675,1.0,8.665761065836167
-1.0,-0.5317461980218827,-1.0,-0.5622530730229136,0.3408756660590982,-1.0,6.137589094923206
-1.0,-1.0,-1.0,-0.18123336800957546,0.23459443929244295,0.18973580859012376,-3.961477069137923
-0.34844648805687284,-0.3369662812635774,0.4890105073441111,1.0,1.0,0.0030216684302231123,0.5660975988995349
-0.88285627739895,0.7649469031126216,0.3510096378602894,-1.0,-0.7717697847373782,-0.12654046495817217,-1.3552931669941168
-0.37630645838074883,-1.0,0.45850067469025335,0.25424464137352504,-1.0,-1.0,3.0177315495977166
-0.9918317989681902,-1.0,-0.7143940244474624,-0.23290700709470635,0.13111299789742853,1.0,0.3766201374560938
0.7757859040072969,-0.23551871594912122,-0.3597741697296868,0.13264858121254222,0.6412181598067934,-1.0,0.3816792203253187
1.0,0.44753892881485274,0.8523528088896153,-0.2524645465274886,-0.5973210094930418,1.0,2.509223445167042
0.09832626830349533,1.0,0.7197673230495096,1.0,0.5974798699652947,0.8229176713132709,-4.632370403901833
0.8756520335204879,-0.3874933367654824,-0.09663331870266911,-0.010355302905188338,-0.162041936950164,-0.11031861724172742,0.46872773896101255
0.31926045854243357,-0.05860618278279972,0.041417697097375576,0.49961840039394234,1.0,0.6879349258198695,0.7914239720218722
0.7483310946206734,0.07193094137219602,0.371412859595611,1.0,0.07769364057718586,-0.6831560918382178,1.5267863671952029
0.8027952252616579,1.0,0.09716137074146458,-0.08924918971451423,-0.6803615487239059,0.0642093054792946,1.4939570915715101
1.0,0.0881459474339254,1.0,0.40465145690493176,-0.3476871167525797,-1.0,5.584993013765856
0.8556859865610187,1.0,0.01224048492678731,-0.14470648664181796,0.8529207639464345,0.777272222991826,0.39333793178441456
0.39094185276294574,-0.16707933142690345,0.5901587909894606,0.6336113958626022,1.0,1.0,1.2240231419505851
0.03544143584386217,0.5831009968323446,1.0,0.44608688789506834,0.956008542933432,1.0,-0.7249773836378486
-1.0,-0.30539532288489135,-0.5874496219417558,-0.175306238126806,-1.0,0.14258522710062022,-3.42438929297342
0.11129767882379427,-0.12078102142080405,-0.3157521127042349,0.1137353983750827,-0.17782330710828864,-1.0,1.958394013495305
-1.0,-0.16773277935582764,-1.0,-0.10314311702013734,-1.0,-1.0,1.178251357619804
0.329868627748757,0.11534037621658477,0.6048709691846057,0.05355812805121385,1.0,0.1950549396685448,-1.8134024926623011
1.0,0.3584574099867385,1.0,0.9064421639777887,0.3004627336659078,0.28030158850277276,-2.4813258751708163
0.16499337675413162,0.1301982504323141,1.0,0.5324459284014605,0.10125966659358299,-0.2993380704393862,-0.15327783498665157
-1.0,-1.0,-1.0,-0.1751904824098226,0.11392036884876999,0.6588125052082023,-0.6721086325738157
1.0,0.11860034048622681,-0.2474638247353964,1.0,-1.0,-1.0,7.211060808043737
-0.2180713590832628,0.23943605909879984,0.2059832019530214,-0.35135481462823426,-1.0,-0.3069199130116147,-0.20842511118065954
-1.0,-1.0,-1.0,-0.1446707246740837,0.7421547685414536,-0.42692350219056885,-3.1270756647850044
1.0,1.0,0.9617114351800742,1.0,0.8525020522878807,1.0,-7.956122583008845
0.9577837662869357,1.0,0.31061121081922494,1.0,0.7022321970828613,-0.02671599164728687,-2.9058777527928346
-0.5491524128723768,-0.0476620627620703,0.6153579959593161,0.1618430981927943,0.11713390284539645,0.2163518068559843,0.08031960461845494
0.26918717390226826,0.9306642953272453,0.035259811309791333,-0.46111042107391725,-0.049503641000872005,0.5210075977086577,2.268844446986973
-1.0,-1.0,-1.0,-0.14514973022102406,0.5541961980329103,-0.31862664096447735,-3.190465158647026
-0.0936136646988801,-1.0,-1.0,-1.0,-1.0,-1.0,6.969221635399522
0.07102870933061232,0.24159550781414152,0.5859507439319676,1.0,-1.0,-0.9514631097171868,2.5690260896363215
-0.33132129183640546,-1.0,-0.8531293167186744,-0.9969588669928149,1.0,0.30301707733236194,-3.888097361460446
1.0,0.9725163334459053,0.27739241236538414,1.0,-0.24809306995883507,-0.9622352929615718,6.728349097323222
-1.0,-1.0,-0.457931404500993,0.8077335040540156,0.12364303732969462,-1.0,1.0291506947093032
0.4269337288440982,0.013574936445642283,-0.09233047025270857,-0.5166105410599641,0.22484928611719046,1.0,1.7740747868607745
0.03945569841738933,0.7612672709356014,-1.0,0.7542869649257934,1.0,0.3901710628653148,1.5451563342033157
0.001789292791476771,0.38017744743401755,0.7444504498380045,-1.0,-0.017725830701157852,-0.2935412144909795,-0.5099645405394566
-1.0,-1.0,-1.0,-0.24494497071350851,-0.9016711211729576,-0.4300019119079532,-4.958780606157033
-0.6772238861889662,-0.3902814457598122,-0.17481713080834493,-0.10244549819742377,1.0,-0.16011745371683084,2.0992935165392685
-0.14697493944341325,1.0,-1.0,0.9114156128354526,-0.4693633674941924,-0.3521503068562293,2.2222212097901424
-0.11800698942505661,0.8048422492035238,1.0,-0.8845841765288226,0.7598938073355699,0.247241104905991,-1.1173585753990225
1.0,1.0,0.7465399744416841,1.0,-0.18527285435305313,0.994027844584409,-0.22014304423495068
0.07015821821223803,-0.8573935305448583,-0.22407468690597632,0.7092940687702314,-0.7293559396197189,0.5504983576084804,1.5917241058485603
-1.0,-0.5098300453870455,-1.0,0.10878725619996166,-1.0,-0.6948083010453436,-2.016362504635341
0.0036542910087090374,0.06911560193025254,1.0,-0.08409116142987634,-0.3638355883007618,-0.5041708398503517,0.916596925326965
-0.2055566969218431,-0.16384877349968202,-0.6274913563719138,-1.0,-0.5629910941191247,-1.0,1.5636241243304752
0.1632365450371307,0.36722025372645156,-0.0744463257781664,0.25703527875028087,-1.0,-0.4392806596126779,0.8418929388716389
-0.42562676307249403,0.15695268668187257,-1.0,0.6154136462557136,-0.45787027756617293,-0.123460501355948,-1.0123737446614802
0.24761331008831833,-1.0,0.3603914009949325,0.19802477728383955,-0.9221435347241911,-0.9240130445340216,5.201632374292229
0.029580495091770354,-1.0,-0.3999217845694661,0.09166251606256459,0.822689384849906,0.8270998401239481,1.1954055419176846
-0.8095201463804421,0.2288137867093989,0.25786175415170076,0.7291966195759354,0.2823436991007324,-0.5074973701890897,1.7847264562996819
-0.9684007097011738,0.014375427898218551,-1.0,-0.5243100802176381,-0.012573995619978073,0.9098751863475071,5.758887891376032
-1.0,-0.8551442247389391,-0.7079784733299299,-0.023798152065502176,-0.8192161045069973,-1.0,0.40153561365499146
-1.0,-0.9444428524551909,0.03243139127708716,1.0,0.6176794061384603,0.224849506941167,0.0770282747965444
0.5320010416682939,1.0,1.0,1.0,0.5974586839494609,0.8289538126047885,-7.455606608849694
-0.052650876029770255,-0.2738423062105695,0.7634665087458954,-1.0,1.0,0.7544075075799572,-0.7293880637375438
-0.237776283379455,-1.0,-0.7148816667890424,-0.8207297609330308,-0.6871870181040209,-0.22392420534671542,0.3523902563573017
0.4072838550048585,0.44059550800681513,-0.6400551101419834,-0.32787230743683804,0.3567253708141475,0.12017939811762368,0.05433493214779883
-0.9500835085426733,-1.0,-0.14557941886696435,-0.14268585028659508,-0.9905393650812258,-0.6540953883850078,0.4608911729399114
0.5265408565684979,-0.3636680359646547,-0.8057096397367525,-0.4965706547665909,-1.0,0.5360178187021634,3.1405416881003223
-0.9798067730305097,-1.0,-0.4103369309549323,-1.0,0.08258590844222935,0.8701037893655061,-3.558233714839713
-0.3614447218178579,1.0,-0.34221911159577234,-1.0,0.4163519045064854,1.0,7.6558571055477405
0.29787935737876525,0.3687803108544799,-0.03807539090983747,-0.9466528359309252,0.3433626519375085,-0.46935335038918385,0.259754083574415
0.1271139608088283,1.0,1.0,0.23642718571256038,1.0,-0.19427356758256334,-1.7390727128303802
-1.0,-0.23244936843846675,-1.0,-1.0,-1.0,-0.09499492383019505,-2.0519919109119464
-0.03167728552470908,-0.439588365229932,0.9116656836413465,-0.39230423286052246,-0.3306050218456685,-0.2799689885760195,0.654694937622488
-0.38384989815050674,0.27199255977699394,-0.3491517345127635,-1.0,0.24602313496567774,-0.9733700748031962,1.5269341432910724
0.3544950489740068,0.34431637411087124,-0.0010525150387985516,-0.8599260859381412,-0.7018023252274816,1.0,7.364359447574348
-0.9060800687434677,0.17329426165644213,0.2638626353704078,0.08970591281010099,1.0,0.8048653546157041,3.9158118830771502
1.0,0.4714920582452099,0.32750771623764624,0.0012608129787003985,-1.0,-1.0,6.614694140232825
-1.0,-1.0,-0.21975880381194113,-0.3441043800788144,-0.08345692886413686,-0.6574705312948389,1.346624729700493
0.1968081588149589,-0.5399149331180765,1.0,-0.5216400644965666,-0.35124416612871046,1.0,-1.8022990912535846
-0.20381908082285194,-0.5924583904666455,-1.0,-1.0,0.09107692430756997,0.33967424577248795,-1.6618409670791063
-0.07767625713229176,-1.0,-0.6656404917903074,-0.47752304381700883,1.0,-0.23230319482532186,-1.0401459359780834
0.41977688788081,-0.645890121836995,-0.9540901170281897,0.06685981892976128,0.18792350790149048,-0.3984654398123461,0.26423649052444786
0.5042638170813472,0.6303105621003066,-0.09956954013327568,-0.08177071911761757,0.48695210753969387,-0.5872707949613101,-0.22569541857066222
-0.6362414026484873,-0.42306888361041073,-0.6004859461845895,-0.14102214536290086,0.1973102849193472,0.16317735307564224,0.11124777636587087
-0.2179330579651627,0.05141255129715003,-1.0,0.04940368423515917,-0.6541686478967847,-1.0,1.9546396279041631
0.6896980435145414,0.0685594938576024,1.0,1.0,-0.19849833493037783,-0.14182378801583168,-0.913949558610606
0.7106892996366092,0.028031546631892446,0.24595703960053789,-1.0,0.25877840470379526,-1.0,3.6322645996517635
-0.3773992033506595,-0.5040741720295738,-0.3678450212080572,-0.0006333320320306979,0.0014454119761850293,-0.0667629066730166,0.5259778685125631
-0.6054121410632644,-0.08253203908864692,0.7307950494626755,-0.8046406691144801,-1.0,-0.3135534768493524,0.23932118979405426
0.4894419810711237,-0.8750410646820367,-1.0,0.04088019395152254,-0.23672336309191777,-0.4681785137530805,-0.972270227778925
-0.5145165445441678,-1.0,-0.27540910338322355,0.2609938117510684,1.0,0.8580972273109859,3.4763154680340613
-0.4247346796887925,1.0,0.9601858981965474,0.3229790402993373,-0.1662387135155866,-0.68630694713513,-2.06740447179167
1.0,1.0,0.7176264752996799,0.0370609572103584,1.0,-0.4403840610544183,-2.4860298200176985
0.8744460924188534,0.33840105488059513,0.5704818770344084,0.3846860525048748,-0.42004874185544394,-0.41640897556430745,2.153135334282791
0.13211572364861113,1.0,-0.5531045250494785,1.0,0.3727949834816375,-0.5720567012763598,1.327562710672137
0.26420512313609346,0.747812247057287,1.0,1.0,-0.5307159822343043,-1.0,2.8197598239793136
-0.054978209945823496,-1.0,-1.0,-1.0,0.22653010177117006,-0.2561508722863792,-3.693323440437094
-0.30091389095288806,-1.0,1.0,0.8967453014988938,-0.7211174888508172,-0.6701393771930996,1.1527838984721261
0.19884221838654348,0.9329484840405522,0.7382192577899609,0.1413948333991516,-0.13283623124229588,-0.39126573312700663,-1.1567704355177226
1.0,1.0,1.0,0.020111409155843196,0.8507921980354998,0.7977432880348019,-5.055473203964294
-0.00029295057133982283,-1.0,0.7461613106586239,0.28366583737486395,-0.1294361365981037,-0.501528464944727,3.3175712593209776
-1.0,-1.0,-0.5011078718941913,-0.4523088395213448,-0.5594414480942846,0.3222559881175523,-2.7081538906802876
1.0,1.0,1.0,0.115633532048117,0.839218721379487,0.7453793210306607,-6.533793382821913
-0.8079477568787241,-0.2516300303175648,0.018555758477348805,0.4543231732814276,-0.5875472663576572,-0.5912201951662917,-0.38439731795205034
-1.0,-0.5550132230214008,-1.0,-1.0,1.0,0.7539320229939507,0.23105865959369198
-1.0,-1.0,-1.0,-0.41256913894931935,1.0,-0.7409402393714781,-0.5750454271147444
-1.0,-0.7611454641701123,-1.0,-0.29492129913584786,0.4222459129201055,-0.5988772591727705,1.438289763787131
-1.0,-0.8102328390976947,-0.2779272665072195,-0.4495598908772457,-0.9218413666708132,-0.09728797092850505,-1.4284652758850636
0.810677375313058,0.8053049811060843,-0.36903787949092887,0.10973979371768572,0.2509818297400048,-1.0,1.2404520218679889
-0.2842963267082004,1.0,1.0,0.4425061500106547,0.2883495958615467,-0.3406825440953153,-1.6269875887059146
1.0,0.2652448856095808,0.714502908776695,0.15794986740314942,0.5712409796626348,-0.9387165879749847,1.0083222402472989
0.24735307364182713,-1.0,1.0,0.025095027180514207,-1.0,-1.0,6.019692303691085
1.0,-0.0008296878908582439,-0.2894348402970105,-0.7279481179624441,1.0,0.7929361918979146,-0.903255466467347
0.36610776602610684,-0.10845209558376145,-0.0012570501793318922,-0.20659751325669923,-0.9356339541876768,-0.8032869061891172,3.6170676842884424
-0.5119298150563036,-1.0,-0.8308091421046588,-1.0,-0.4793025398254167,-1.0,3.3847508807583213
0.8995531801060344,0.8769044277953916,0.9152899865796771,0.771623314410711,-0.3405739154075441,-0.6313554979670583,2.871931973421352
-1.0,-0.22319944581429252,-0.6240980198684487,-0.6823176623084923,0.9222275437242675,0.40733158054601915,2.8066131827022662
-0.08546167756311451,-1.0,-0.516632748016032,-0.7414979825247372,-1.0,-1.0,5.234902481770129
-0.9697195240245466,0.28460848682272916,-0.07277555390775986,0.8898092108655723,1.0,0.08316176342482295,3.61963331726613
0.3778730822299856,1.0,0.49931655545354325,0.9677488176810831,-1.0,-0.9085806852539856,5.667981167641004
1.0,0.18105147836564034,0.4244302566683867,-0.18423267248476372,1.0,0.12907556687364385,-2.0755372938197474
-0.6457534823155964,-0.058950564813680106,-0.43682851536599787,-0.07784565683014483,0.1562612776643051,-0.9854630435082731,4.273994813019679
-1.0,0.07136144567767622,-0.47542714162915733,-0.040798456959912244,-1.0,-0.8278070628458216,-1.2155278924036275
-1.0,-0.9999994135892145,1.0,0.236332463136345,-0.08999130455095461,-0.23811078231615213,3.1008645859380723
0.3703410140144494,-0.008066043752041896,-1.0,-0.30741004449228243,0.8402497247670533,0.9058639620517939,3.53406425372298
-0.6182595758650047,-0.957090844621741,-1.0,-0.8640405782868259,-1.0,0.523480105686996,-1.4207121626802377
-1.0,0.014541220801046861,0.1476619182811656,-1.0,-0.9216134251918868,-1.0,-0.017420978883922925
-0.9321304922834168,-0.23233945859484173,-0.7389393665907189,-1.0,-1.0,-0.5577982764483792,0.5479496666830679
-1.0,-1.0,-0.8268801444089955,-0.08984963272507973,-1.0,-1.0,0.1714624860812085
-1.0,1.0,0.7308208947361298,0.07014100650789223,0.5846566655382852,1.0,-0.3583785460633857
-0.8657975217247325,-0.17434324943286972,-1.0,-0.5538962368896747,-1.0,-0.9665677155938486,1.5631157307069294
-0.6683222885014903,-1.0,-0.5740672935653772,-0.07672855730409345,1.0,-0.8559732334186428,3.422718859113769
0.3326253936262423,1.0,0.8786623866679821,1.0,-0.0057295321202660565,-1.0,1.4332195667034946
-0.09939019406125182,-1.0,-0.1593548694697643,0.6445955210671104,-0.755805791472625,-0.809550358283919,1.9658510105023796
-0.39737740199727223,-0.44955344110448137,-0.5646287476926795,0.8776305558623956,0.4780602699211485,1.0,5.225583085303398
-1.0,0.5161253111107783,-0.12465668360733773,0.10951000910894493,-0.2566635153594614,-0.9285236087191139,1.4701124919433266
1.0,1.0,1.0,-0.7125473147811316,-0.011560353769988763,-1.0,-0.992298738661237
-1.0,-0.11928637726044161,-0.8054072314569383,-1.0,0.8004748056124609,-0.39073456233581705,2.2294919806292817
-1.0,-0.6184365694137632,0.15447936221540148,-0.824353183974452,0.5195679291082661,-0.29954860840281455,2.9173294834544903
1.0,1.0,0.32175148502298223,1.0,0.48338456858919593,0.41085744589185674,-2.6713253322002397
1.0,0.2520283328671711,0.3261505951895798,-0.8018981878222465,-1.0,-1.0,7.553568355136208
-1.0,-1.0,-0.0012217964319638508,-1.0,0.6017614871329919,-0.058938709947354284,0.8239619149459929
-0.6933266174412587,0.3617441847727656,0.11035818875051251,-0.47438149996240947,-0.7752194722276702,-1.0,-1.667124497592202
-1.0,-0.19422187205809988,-0.09627757880124377,-0.09814446571472424,0.43001335019170017,1.0,2.627979934082837
0.419699616201054,0.9245878123590316,-0.0224069453177808,0.6774289306451361,1.0,-1.0,1.4986688051944932
-0.12571574725299767,-0.7688304100981074,1.0,0.5128745766758853,0.6906596701966324,-0.33089367915229395,1.8692689250021222
1.0,0.4607424496329812,0.45022999175759437,0.01981063574269304,-1.0,-1.0,7.748791868297498
-0.7154422671213245,-1.0,0.19480709035139016,-0.5307068810698451,-0.5579887562733188,-0.9969454782064935,5.499339077319528
0.25860080299105137,-0.9691692073902254,0.16580724566670235,-1.0,0.7661927515471121,-0.8345344786309048,6.300263700891854
-0.28059640828352284,-1.0,-0.704609666875319,-1.0,-1.0,-0.08888085138560364,1.8581037181395779
-0.2004856075839846,-0.08193490409961285,0.47438149497107496,0.5391582995012671,1.0,-1.0,2.0042216181411225
1.0,-0.3785755892697602,0.8936115036186334,1.0,-0.2381385915071904,-0.3982489013909584,2.1265574249856183
0.08387058863433566,-0.17554139155164872,-0.24442222770855057,-0.5174469776799948,0.06914958805892302,1.0,2.701177976419052
-1.0,-1.0,-0.5168411191387093,-0.733613989360226,-0.2640857950493827,-0.9300951767324547,2.9308296006926917
1.0,0.10334040902070452,0.027340818373184916,0.49591290567281654,-0.5006737041719429,1.0,4.560729615958551
0.3267162192053077,0.9563922298902618,1.0,1.0,0.3129343859460898,0.36108809874588527,-4.52044689042864
0.2952541905048777,0.8430721394857715,1.0,0.045208953838818865,-0.9752588442020194,-1.0,-0.7635015998253517
-0.4958228179474867,-0.9423728310142395,-0.9803336791400528,-0.337666445784774,-1.0,-0.745404216592547,-1.3245097884058628
1.0,-0.06370846249437678,0.7069605593141466,1.0,0.6357829651799218,0.8107614840588623,-1.9625223409690935
-1.0,-1.0,-0.9345323220820165,-1.0,-0.6847995587854219,-0.0731295389624711,-3.6721164904445556
0.2874820196847373,-0.266881335260812,-0.34333632790894864,1.0,-0.3627817679140143,-0.2571628996545164,1.1393978388476835
0.11309419892274473,-0.16647214029000656,0.9712875183450196,1.0,-0.5806293188451108,-1.0,1.4088835644902364
-0.21075172742520498,0.07692386306075583,-0.7576749698268339,-1.0,-0.0022583114038470242,-0.046397069367348776,-1.1093062680456507
-0.10591446224678192,-0.7563414871197371,0.697615213969736,0.8791217465688341,0.7793596566882386,0.5375799767265055,-0.11568418130083338
0.7796127221304061,1.0,0.1278679713683375,1.0,-0.2017919170854977,0.07857518801946783,1.6778020315100362
-0.052112800791440095,-0.5333262401699619,-0.6961723838056932,-0.11565317735029423,-0.05496650345136622,-1.0,3.135066105663689
-0.36911126287520535,0.9953220154284252,0.5311507576549093,0.37132212969558226,-0.6116540624658044,-1.0,0.6055692811451714
-0.990787109091682,-0.1397984384006723,-0.34309722587180835,-0.17212242403934508,0.5380277761253153,1.0,4.437556546701158
-0.2763673018318331,-0.5110242086137788,-0.06838561554846634,-0.4327193416864503,-1.0,-1.0,1.921431982866246
0.08441322483460711,1.0,-0.9777216399759204,0.9071109280948118,0.5858010262408049,-0.08076789228676129,-0.7624772731707542
-0.898301753931957,0.8062463320671229,0.11476302610021089,-0.17831419806133608,-0.6224845098882237,-1.0,-0.8297286815660571
0.6506370911926298,-0.043121349975313694,1.0,-0.37793871703347803,-1.0,-0.2825653799422827,3.4150235681678582
-0.7538353013930768,-1.0,0.12518546377990347,0.07634710296692704,-0.8128038091429262,-0.9324632276714162,2.250322312965274
-1.0,0.7278714518997321,0.17211968593416144,0.18639492445898354,0.4166370826226162,-0.12047163879886133,1.566193532601937
-0.03790696025595608,0.7239847951962756,0.5550789565984656,-0.12072661659205089,-0.21289972898752518,-0.3714212943708908,0.5600216006595121
-1.0,-1.0,-0.07279194799837785,-1.0,0.39164915790675425,1.0,-2.1363994478428503
-0.3418874395846745,0.6813591733502372,-0.40434476994272317,0.16888967315737732,0.4726114638411152,-0.11077562842643063,0.32364371335409087
0.3143894062204507,0.01687273108651466,1.0,0.5006407331309766,0.057848969650002025,-0.5680758173409339,0.6079728697178356
-1.0,-0.9899204389385643,-0.12829583708196557,0.02641863011033707,0.2101937102932438,0.7633564345037356,0.6411571998927801
1.0,0.2544421918460097,-0.3105059863002789,1.0,0.15905415968429593,-1.0,3.3507613551499587
0.40228411484323806,1.0,1.0,0.6344085965211312,1.0,1.0,-4.370572397609673
1.0,0.961843994791762,0.2764697007995971,0.5799893778529344,-0.5511680997480208,-1.0,6.909929439246181
1.0,-0.10803337155056346,0.8327368685356307,1.0,-0.6627775854822686,1.0,2.836950058142854
-0.335290742483718,-1.0,0.658343288074574,-0.08931581299095445,0.3710140567509516,-0.20930722725378914,2.8853299238082997
-0.7071450924841123,-1.0,-1.0,-0.1521523376110464,-0.09997183265718057,0.3083741605484839,-1.5696801760706174
-0.7461662133177752,0.3798654086808172,-1.0,0.10452878974596658,-0.35352254867876,0.9152755063982669,6.961337452539858
0.08742705255903715,-0.3848986309630812,-0.7257452341151459,0.6414431034506483,-0.3527449510460017,0.9020140874425553,4.569603721105798
-0.7267961442414067,0.0401155915728042,0.4788846958162711,-1.0,0.18659330722808837,0.06230117006127889,-0.09536733503214402
-0.844893063956634,-0.777857436727911,-0.8580921855540611,-0.5043447254859256,1.0,1.0,4.560341347837955
-0.10555382355877452,-1.0,-1.0,-1.0,0.23879807378120854,-0.6674172199885939,-1.106939132450577
0.28500192396119023,0.4601604250479672,-1.0,-0.6114722071337738,0.3267040351321113,0.5786226623964614,2.1723782098464945
-1.0,-1.0,-1.0,-1.0,0.05847705855197527,0.7888337376594468,-5.694654040525895
-0.6960783524023872,-0.6832965958309705,-0.9723020841605328,-0.13338194000472692,-1.0,-1.0,1.3675816580708053
0.44335587405092036,-0.7438492773694658,-0.2973653477422441,0.5839141439431218,-0.8702281724092675,-0.975314610650656,3.664622472237486
-0.5574427899312095,0.38871144457919793,-0.7345956742341174,0.17276801467001013,-1.0,-0.7229118042514404,-2.153545904713532
-0.6968871194457422,1.0,-0.6139001493021837,0.13045583071952438,-0.4166370867119966,-1.0,4.355129240462275
0.33995158696022254,-0.8783914730950309,-1.0,-1.0,1.0,0.46965864335269875,-4.313751939199678
0.2660240939917038,1.0,0.18463060247555485,0.9068414123392945,0.0907478100306286,-0.9164828450493981,2.2845339930953132
1.0,0.5102428188361523,0.9970816462714271,0.7828821939132522,-1.0,-1.0,7.761634989915746
0.7522454567973446,1.0,0.6626209194779137,0.7204017949227046,-0.7095655453967991,0.323664145960868,1.1421605112409887
1.0,0.8053837365050878,0.7770987587827112,1.0,-0.16547933017090233,0.3942360778603772,-0.6695639603147543
-1.0,-0.472980436779877,-1.0,-0.641052835813677,-1.0,-0.6027146635320579,-1.8441089095061511
1.0,1.0,1.0,0.4859131051102197,0.5267938920153252,-0.14324866497776134,-4.106644034389093
-0.8276062575574055,-1.0,-1.0,-0.9452573865019058,1.0,0.36588739384157165,-6.162758639896404
1.0,1.0,0.26868054453236523,1.0,-0.5462783177907443,0.6962245270089857,3.4907217777920914
0.8294663513899405,1.0,0.35763815442367153,-0.30738780246328756,1.0,0.7564432274755353,0.7811550933923486
-1.0,-0.2045132609959643,-0.39133034385725374,-0.784602990832705,-0.048412241839386416,0.07325673185726883,-0.6346582307277614
0.49068529457954074,-0.41011219741925997,-0.3295204000835473,1.0,0.4258829321980875,1.0,3.0769883691144093
1.0,0.14699872483959298,0.7515105123015717,1.0,-0.6591867440302452,-0.3554584765727413,3.4070655113073367
-1.0,-0.2560779106726255,0.3216406843859766,0.8941162362317763,0.08777760434809789,0.09732825740325571,-0.3350474250152643
-0.29317350827996724,0.04780710348518302,0.22666835328584034,0.6226488687620628,0.3491096978909002,1.0,3.514130440583705
0.41400125424135675,0.709784296204256,1.0,1.0,0.07169641009431116,-0.052848536072574226,-1.1180111446138583
0.7711646919008264,0.7589669948165418,0.28079131024033244,0.8360590696350603,-0.09338120385657125,-1.0,5.281351807550127
-0.5376469536681864,-0.6723574278613986,0.014356324054768388,0.7988816426025348,-0.07149475334902466,0.11908929081028563,-0.13682591637314645
0.44104221072234906,0.41051686217299954,0.549580266166962,0.7419467781277425,1.0,-0.48202087540794536,-0.8190735728978733
0.17514171051712624,1.0,1.0,0.7926114997451292,0.4626574230583283,0.24924105585169276,-4.904972699479409
1.0,-1.0,0.6102600009928371,0.1724996955929362,0.9290249336350542,0.6452220495512969,-2.5050634171973876
0.7212585699520966,1.0,0.27117491206267097,0.03183832746897164,-0.07207471277947497,-0.38352955144516265,0.0862509148165283
0.9216062194436153,0.38839816585808473,1.0,-0.8557153227851382,1.0,0.2626333410793147,-3.3933336346630907
-1.0,-0.6409985076358921,-0.15328538857926247,-1.0,-0.11023082424449426,-1.0,4.238557492730821
0.6888741502153843,-0.8511393078815803,-1.0,-0.34709210645255334,-1.0,0.6979813933229798,4.277572978908907
-0.15448634577821707,-1.0,0.03370934259584034,-0.4077068266351187,0.534798199415916,0.4631228999426058,-0.3353175788190424
-0.08763158306759045,-0.6030619813526332,-0.39331553006466335,-0.5794191513417306,-1.0,-0.14970657098279505,1.4630739623872389
0.34019449380767763,-0.6099487148071734,1.0,0.5182845108733266,0.19382272705875692,0.41864569587792383,-0.6962775414828697
0.6967095920629292,1.0,-0.3267068004905538,1.0,-0.9100271340563781,-0.24072327383715608,5.397790809086739
0.427378126590346,-0.699843565762155,-0.40286144671927326,-0.8710363191469653,0.3997083013409976,0.35379858703274986,-1.6899107966701028
1.0,0.5923495746626599,1.0,1.0,-0.980177270112025,-0.3808386237772904,5.850621153285619
-1.0,-0.5821121608085977,0.2643163710563755,-0.7650457150847418,-0.7571862857282536,-0.4172604801750539,0.8047197821256133
0.18604803844192308,0.580395210498158,0.8629521694435557,-0.08851519065657676,0.8817461609546016,-0.6800356053904089,-0.14939581007930283
1.0,0.9473731399420746,0.25753295295212597,1.0,-0.23522853669700594,1.0,2.875573830174994
-0.8402514541781447,-1.0,-1.0,-1.0,0.40566988475189514,-0.5863527428796291,-3.650696368708537
-0.007210896999115146,-1.0,-0.8268718907426844,-0.43740050557616206,0.7986111821887687,0.9172176264069468,-0.09063404598416047
0.4318727174272762,-0.6446353513913137,-0.7193986091420987,-0.42209273204803727,-0.0593404212619163,0.03283454649106621,-0.08234116951701498
-0.37727376803714013,-1.0,-0.972530724272838,-0.6884309002194108,-0.3386247344439941,-1.0,3.9163408924888508
0.7555317082108843,0.49120914677645156,-0.6944345002796283,-1.0,-0.2711174938527132,-0.3735885562305376,0.18270167233336482
1.0,-0.8186632107168095,0.49319026856553233,-0.7171531096480146,-0.8326520777814316,0.17185355010465989,6.07639123484781
0.03783633234169481,0.697664040745961,-0.7283847911680537,1.0,1.0,0.5341007935642553,1.239142894033411
-0.7800018311942356,-0.650395292427433,-0.8308775141239053,-0.24493288313908446,-0.7378786439640748,-1.0,2.3126646876457273
-0.8270202433522428,-0.8767984215641098,-0.3360519785293291,0.7386315549642722,-0.6115408586554082,-0.1295052129138523,-1.392125671989114
-0.004129815855913099,-0.1334548830998285,-0.21084253127699204,-0.2596157505907666,-1.0,-0.12609998670427003,0.8542924267342051
0.6974954897236106,0.2853535151977752,0.0018636245328772783,-0.5709248339699367,0.6112750689302235,-0.11273076720775148,-0.5470445579501275
-0.8118707163286965,-0.552301668338643,-0.5474992285536132,-0.4896511751482654,0.8907364889328385,0.1560945937363376,0.9574130129508188
1.0,1.0,0.8683005286009973,0.9622433800240895,-0.11209085156391119,-1.0,3.791299729153334
-0.39615672297609517,-1.0,-0.946515598591245,-1.0,0.9939668256404062,1.0,-0.4320226565006605
1.0,0.4062978260818615,1.0,0.5649733467294853,0.5531375842783246,-0.18165012253998108,-1.160527411442423
0.28812937478138023,0.42484043953662787,0.5941679404059047,1.0,0.7831709184754526,0.08197259688293612,-1.0695585553827565
0.4213544249521711,-1.0,-1.0,0.11118477693626416,-1.0,-0.09920217988054114,0.0025066962614430366
-0.4326609104216428,-1.0,-0.4964018708731065,-0.9581275574845509,0.4024841235776746,1.0,-0.9497050565691894
0.24404719971611405,-0.13587768656508903,-1.0,0.4430399063472006,-1.0,-0.6916611593245592,0.003554728338098334
-1.0,-0.9832351246051365,-1.0,-1.0,-0.6850269025688561,0.5986604752195662,-4.057950225185917
-0.10374621504486942,-0.17304822446180257,0.9885520717194315,1.0,0.9029337784541525,-0.09273928771513132,-1.128876470073772
-0.29558533544361076,0.7560723768908608,-0.27458804568908973,0.973113457624134,-0.44277645226770823,-1.0,2.8770486497794012
0.9207562264052178,-0.0002854345685484594,0.013674167499916068,0.26841496820107014,-1.0,-1.0,6.843898005157
0.2151858090305182,-0.9434490569064975,-0.8418010417958481,-1.0,1.0,0.3631389306000412,-3.3899323967657438
1.0,1.0,0.805122622447622,1.0,1.0,0.37482864167511426,-7.784648314238461
-0.4992350161640917,0.440234887329947,0.5403168269343488,-0.9884148886435472,-1.0,0.3969660315101167,-0.0390046900682014
1.0,0.8208145978550256,0.5985775288523949,0.570828855076221,0.8482772046437798,1.0,-1.1174039366138753
-1.0,-0.7072414545297461,-1.0,-1.0,0.01357132199279798,1.0,1.0927133636135402
1.0,0.5100947703931803,1.0,0.7275800101825336,-0.6965771686287285,-0.008702308178472118,2.608082341273062
0.5116185063891703,-1.0,-0.9495439741386902,-0.22176719464878447,0.3277282694058653,-1.0,1.4745447640340283
-0.8024999585615766,0.9527582752851775,-0.8489777066220632,1.0,0.19829444222918302,-1.0,5.499564000685113
1.0,-0.2040390958063091,-0.657107277915435,0.3329267331521716,-1.0,-0.9282280650483622,6.484238214911302
-1.0,-1.0,-0.12651530100260633,-0.937458384710016,-0.6835575768010733,0.46711598350738315,-1.7557539933110609
-0.4092276200353112,0.24878349649231912,0.9848183372891631,0.25662270161687084,-0.6564238604430375,-1.0,0.9417459452713864
-0.7728177534952825,1.0,-1.0,0.408210152341547,-0.8291845695334922,-0.33323829674216676,1.7638364452941426
0.22606857892987792,-0.3750790142123741,1.0,0.5500123477297236,1.0,0.5735637385377654,-1.5139927756535165
-1.0,-1.0,-0.392259572582986,-1.0,-0.33293907750523,0.02304261679063032,-2.179460260889625
1.0,0.14048469144537568,0.9640218956330504,0.17381914813430854,-1.0,-0.7449028887291782,5.974288376651085
-0.8060514754077966,-0.4136141930763556,-1.0,0.38050473537171764,-0.7194112906100736,0.14254598606618407,-2.2202381326722684
-0.04101454866031938,-1.0,0.24851452916073224,-0.9307014674230343,1.0,1.0,-0.1126637450221687
-0.18243747543653166,-0.899534815777714,-0.20546653847751922,-1.0,-0.8477356872988873,-1.0,6.333478732769577
-0.5513070074576707,0.5077319577305441,-0.04561750723146907,-1.0,0.8247643784114457,-0.20269532482919211,3.085462882041154
0.04103155689151107,0.8550770507874196,-1.0,-0.4272709642791275,-1.0,-0.49250933406620256,0.6601225775695203
1.0,0.4146147638312272,0.9222916962127927,1.0,-0.8161923416295822,1.0,1.9293045381458134
0.9165372847667448,1.0,0.6591751450974854,0.07151110587929646,0.10795999169394616,-0.056413563304137604,-2.1645645525550075
1.0,0.2174806070413488,0.4372188309226361,-0.1969171268748724,-0.821189508945378,-1.0,6.459590262703222
-1.0,-0.27914582309733854,0.916656072246287,0.22241490847038548,-0.9763420767238332,-1.0,-0.5917573780429561
-0.7204846924506536,-0.3672580847582871,-0.7656368346888519,1.0,-1.0,-1.0,-0.8595397142571976
-0.23041748588305444,1.0,0.041991414855920506,1.0,0.5781247124501321,0.5349826931400588,-0.17856342858263594
-1.0,0.8173241214558399,-0.5084851315335445,0.21278479912444825,0.5037162389646626,-1.0,5.1158528974983914
1.0,1.0,1.0,1.0,0.22362942747012904,0.09993248385626041,-4.122090041337301
-0.64801437512093,-0.6217171677003432,0.29587456960298264,0.5119640608212531,-1.0,0.1258033975157522,-0.7220436651991137
0.7949807462536471,0.7942250406611775,0.48492791625080417,0.6117550401245798,-1.0,-1.0,7.223779409512405
-0.1615064564522054,0.3115328057828757,-0.07194948116465741,-0.5373439825230057,-0.38768748467783465,-0.48625869242000097,-0.9140014453248307
-0.3690486005357474,-0.46947313694846976,-0.001137116461569776,-0.6221673414947049,-0.6763895391807584,-1.0,2.868968678280739
-1.0,0.029336804447933296,-0.1600872109975583,1.0,0.05023046818901211,0.37373283738447993,0.7767843576385043
-0.04742052570386046,-0.2124972385153585,-1.0,-0.9207071123516481,-0.19042085483609705,-0.7370806501830166,-0.37251980684876396
0.7627840391872792,0.3428203614095914,1.0,0.06776089502456395,-1.0,-1.0,4.662812040586087
-0.4141281263885581,-0.6838131929629265,-1.0,-0.9513179376368976,0.3146254896574776,1.0,2.453591606442271
1.0,-0.5006244906719739,-0.11587138659582655,-0.5697909919234695,1.0,1.0,-0.9951907030535218
-0.20313619159932916,0.11275471632169007,-1.0,-0.803946247380267,-0.8117835945855998,-0.7319620773958753,-0.7111084015118402
-0.5437906256753922,-0.8043344533018073,-1.0,-0.0794824001073148,0.03738714786639369,-0.6516997515635824,-0.3188082644237086
-0.4933342932346131,0.7081255311798825,-0.3171548992129306,-0.0225302165552691,-1.0,-0.2557882585241755,-2.082924154568972
-0.32670800744754247,-1.0,-1.0,-1.0,0.2084175974421245,1.0,-1.558852165771187
-0.6156826612778203,-0.8757841787995966,-0.3278641273162394,-0.34441348136160826,-0.05153510797806837,-0.0035618907681752576,-1.7758616584562619
-0.35783700947246316,0.8274543825637216,0.4818733188662996,0.7495808134658184,-1.0,-1.0,1.686401784558544
-0.36703819037331664,-0.9028731809924735,-0.7831370583763191,-0.1266139783790658,1.0,0.09730062914777526,-1.4578452769944144
1.0,0.5959501686178243,1.0,0.972256567550698,-1.0,-1.0,9.063597717718224
0.28838727841829304,1.0,0.5618656971043088,1.0,1.0,1.0,-0.31020969805522924
-0.5863409905210272,-1.0,0.2599169970203784,-0.7124695893274993,-1.0,-0.5879685166846276,4.6471717669217245
-1.0,-0.632789681213545,-0.9526526143048591,-1.0,-1.0,0.036403609664384315,-2.2303087216661037
0.11265102275402827,0.7573633544146634,0.3308274714391619,0.9068262753622613,0.8234745296286909,1.0,2.375801493339479
0.6496837146830301,1.0,1.0,0.8249896212014307,-0.49124181759465557,-0.06591732175020593,0.5843481908044357
-0.22067506210988141,-0.4233248641388552,-0.0054016671402667416,-0.3756408943689422,-0.5924754899123488,-0.7293428970194544,1.0976088577880048
-1.0,-1.0,-0.6708215458618815,0.13769725552733192,1.0,-0.4970003425707763,0.4176471855416297
1.0,1.0,0.08926842780631072,1.0,-0.009455974246591892,0.6239046932355108,-0.016372048912930204
0.05504831573817459,-0.27261150697620185,0.23441049649389212,-1.0,-0.02195608824943489,0.7794266789104813,0.11137486997847812
-0.1621737916398328,-0.5960702565363692,-0.08736156896147823,-0.07324820141756666,0.7783008204423381,0.2678205436964909,-0.5980734624849297
1.0,0.3669460591572773,1.0,-0.28777365297785623,-1.0,0.08186324889853358,2.617983881102516
0.19131062712905467,-0.04580232546875723,0.756779237019318,-0.6946996513465091,-1.0,-0.28409874897176285,1.071080861995234
-0.8231241661454927,-1.0,0.025641665503929767,-0.919733564012587,1.0,-0.5329962742931265,5.5859655917216875
1.0,-0.6767608510259853,-0.32120373370370214,0.39481263997303406,-1.0,0.46672761719455513,3.6026024704683617
-1.0,-0.7038574605550354,-0.5858209504434511,-1.0,-0.4874747024155608,-1.0,2.981707681957924
-0.25534094173875505,1.0,1.0,0.10811208688230456,0.3741055691251054,1.0,-1.5940065527092657
0.7753394990460662,-1.0,0.05888050789662225,-0.4484258997662596,-0.2578513766269157,-0.8185145594324486,4.864873597596147
0.12293766326118571,-0.14022827950479338,-0.5289884206835979,-0.16427702937780753,0.9688767608439707,-0.2915068566779635,-0.9090737368530009
-0.6602054823692194,-1.0,-1.0,-1.0,-0.6927038286564687,-0.3649866421195998,-1.9458433095075873
0.8086721897930884,-0.2922157780587955,0.15614189201444245,0.4305818421869532,-0.30340546046273126,-0.017782001135439818,0.9732440044431839
0.127990894804548,0.5311465361713432,0.47175781904056124,1.0,0.24517969649863292,-0.7148818739746888,1.296742588660699
-0.5915939696588423,-1.0,-1.0,-1.0,1.0,1.0,-0.08388831882542283
-0.5069038111046227,-0.05901727676334856,-0.021563822751919592,-0.5780204849213102,0.9721411597342053,1.0,4.3923763824549
-0.5026287831165993,-0.3533429941217376,-0.10598022359325465,-0.46663496146131855,-1.0,-1.0,1.1204753028746048
-1.0,-1.0,-0.016390084265240412,-1.0,-0.5787619595946396,-0.560307706469444,3.1359925712009757
-1.0,0.06453336956008171,-1.0,-1.0,-1.0,-0.891160584078829,0.4397752577454862
-1.0,-1.0,-0.8144285818092813,-1.0,1.0,1.0,-0.13850648568713797
1.0,-0.3561392744387015,0.4422788982861221,1.0,1.0,0.2710674080350732,-3.8616276647503733
0.6925921675643982,0.20717153524205756,0.5061428861594941,0.8103763814830134,0.8541091379646439,-0.910890597431039,0.4789884718054518
-0.6268191791209307,0.24164712551355086,-0.312178306709748,-1.0,0.08509354010085679,-1.0,2.560674831616492
-0.32120816147217146,-0.6843211630250492,-0.8854546253305079,-1.0,1.0,1.0,4.166278786081726
-0.5221717598768992,1.0,0.26889165585128844,0.2976031987335579,1.0,0.620972362726516,2.5402138384800734
1.0,0.07505288357693751,0.5643466643603248,1.0,-0.9403967181474194,1.0,4.874184532564733
1.0,1.0,-0.4649929883329092,-0.330033818466806,1.0,-0.9306406847742916,-0.912956693138681
-0.6510982702693051,-0.5716270713064899,-0.9400313161698413,-1.0,-0.5798059292149118,-1.0,4.087448769295544
-1.0,-1.0,-1.0,-1.0,-0.5075208821234986,-0.2080617873993933,-4.704672526134722
1.0,0.07070547010288553,0.2955824228880475,0.9128432070336521,0.9037360897767033,-1.0,0.9890462777200345
0.05135104860093459,-0.2543009263132753,-0.2532269456034538,-0.46949069661206355,-1.0,-1.0,2.7081714596489657
-1.0,-0.2142053325646307,-0.9271983712410126,-1.0,-0.8744682915613964,-0.23231710337986056,-2.2214221642664462
-0.8845183162221897,-0.659568809865186,-1.0,-0.027410462534076974,0.09495102955369195,-0.34625197154169596,-1.5901493183187998
-0.417837342231704,-0.9722804394112626,0.7620151325193083,0.6744667791708385,-1.0,-1.0,2.7031083354511036
-0.5332977744816602,0.45172543438599233,-0.6701695556340639,-0.028162663222280004,1.0,1.0,8.556524766065026
0.8359746338053597,0.7201435219112482,0.583444034105786,0.260748054682747,0.3466080742195732,0.36843505494020956,-1.3948298940300843
-0.5406660982793825,-0.5523158562993689,0.14884300652150162,-1.0,-0.25905649600961855,-0.19168085398648047,0.13574459435062727
-0.04584522289036719,-1.0,-1.0,-0.37874498175479787,-0.665450739290753,0.5678444097320069,0.5582788178994867
-0.607115995882531,-1.0,-0.4675949176153409,0.072936693711196,1.0,0.5206746382057943,0.6656715212002985
1.0,1.0,0.6826162658431281,1.0,-0.6260794442855541,-1.0,8.859564650710487
-0.5341108142133986,-0.7411646615988096,-0.750822334310469,0.3183720055810254,-0.2626006101119749,-0.13202688035784482,-2.1046507985254843
0.3838045198252015,1.0,1.0,-1.0,0.8713160876949695,0.19658916192902787,-1.7506225995958316
0.25015061861572185,-1.0,-1.0,-1.0,-0.396833054883162,-1.0,4.810017725890692
0.1674556330067154,1.0,1.0,1.0,-0.09367009067583504,1.0,-5.326045565126785
1.0,0.8506898727937816,-0.06943193154556215,-0.29025666392380545,-0.459519124243169,-0.7240414097053217,2.421996684828704
-1.0,0.07808802210903441,-1.0,0.17808955323532877,0.6262176183633942,-1.0,7.097391484090737
0.5004685584761187,-1.0,0.36526730758036957,0.9371690401480617,0.7890574355517306,-1.0,1.288641846941955
1.0,0.7683483955733403,0.9404995158274756,0.8730508186858025,-1.0,-0.27887554984290797,4.870300084548358
0.2430503678309639,-0.18136402112222227,-0.12059947883110944,-1.0,-1.0,-1.0,4.516645736167491
-0.7442795930728985,-0.24919083049840607,0.9857907717060935,-0.7229658997238769,-0.581545765705483,0.5275666830543551,-3.2479164673607936
-0.7035774659811687,0.16833232779550655,-0.43283563752396237,-0.31853366734019684,-0.7423895313818978,-1.0,-0.47086211205737555
0.225966208765217,0.8814511372155487,1.0,0.21266866844438348,1.0,0.4455180452416221,-2.0534800086691103
-1.0,0.08535438082843039,-0.4915071301002788,-1.0,-1.0,-1.0,0.06840599254658264
-0.3874111784504467,0.559592658329467,0.13778467534379135,0.4743950930701609,0.615855011274596,0.654033406642786,1.9505878528524079
-0.353858676463514,-1.0,-0.5510168331446665,-0.8536840818729369,-0.27069455982510426,-1.0,3.5398016024844448
-0.3491238934796783,1.0,0.5542785547807425,-0.018460244726415276,1.0,1.0,2.84922626202321
-1.0,-1.0,-0.8513955973919849,-0.1231938160952879,0.25712309436309455,-0.8861113937196364,2.17950667288562
1.0,1.0,1.0,1.0,-0.1550159684072907,-1.0,4.186971331020016
-1.0,-0.8772119973423513,-0.5945521341963387,-1.0,-0.3843871082006926,0.40227051926662283,-4.464226238579378
0.5152788619162415,1.0,-0.037664626912073756,0.14572188723476742,0.7417343663155154,1.0,4.110407770463851
-0.09185699618198151,0.5863941081470649,1.0,1.0,-0.12213636459876165,-0.6615881019910103,-0.33211832902650484
0.7263387947010064,-0.520870339345838,0.5765590811113215,0.8895701806455586,-0.45834738315451173,0.19047373397132406,1.3528425509608664
-1.0,-1.0,0.7904202872389565,0.34563015859167295,1.0,0.6278651157929629,1.512217878867869
-0.2078626416009961,0.10659423288274841,-1.0,-1.0,1.0,1.0,8.944585521226978
-0.5713514239536488,-0.7969148813933657,-0.6374555566801418,-0.47274872451974037,0.4546302852801025,0.5521905330805236,-0.37995336049583206
0.5393573583982249,-0.7508515436286844,-1.0,0.6029946413788578,-0.4120680134615009,-0.35383778797627696,-0.6412830514535167
0.10731488143842294,-0.15840506214983097,0.5201999136651504,0.49328653667858996,0.047758784844836255,-0.05797699135987777,-0.5983510799421722
1.0,-0.25221642400931227,1.0,0.0013001035846534892,-0.03612069048488842,1.0,-1.360010267793506
0.7312618922380292,0.07934640295898132,-0.19395152430694929,-0.4438413989101725,-0.11867314621392734,0.5923097527994301,1.6587195184418349
-1.0,-1.0,-0.919209804503899,-0.9635780280572448,-1.0,-0.3574948874074555,-0.598820047512293
1.0,0.8379758297690497,-0.741279083734845,0.3989000993764942,0.15919555759148174,1.0,3.2332919598578442
0.9987376849866223,-1.0,0.2374757850912299,-1.0,0.3542294958214657,0.3531930446577416,-0.9460929500812687
-0.1308932295281201,-0.5351120165341379,-0.29789233768402035,-0.11559587718143671,0.05339522412510145,1.0,3.8284886336988264
-1.0,-0.49842769494482,-0.7589865040448529,0.06852095780673728,-0.5475290406958004,-1.0,3.3976806752951183
-0.7032545297704251,-0.2738004244433391,0.6702505294388591,0.10127206083064554,1.0,0.43991351638042847,0.4867926884804902
1.0,0.6527451408425724,0.6862850750529459,0.6592035004938643,0.33746988046378207,-0.0312922725646374,-2.0296214636526626
1.0,0.9318562378097939,0.4421190160953985,0.32477960051526344,0.9154128005411766,1.0,-0.9934826864418855
0.3659452761956996,0.8213083563988341,0.49009210128756153,0.09810420722842017,0.8140109938579606,0.5197088639077373,-0.8111097217574401
-0.8037297283428798,0.5359030559555257,0.24828466250086254,-1.0,-0.9776520260352217,-1.0,-1.9334691659492482
0.7510426930113587,-1.0,-0.29300078051281386,-1.0,1.0,0.8092744880875196,-3.517973289870773
-0.7652561873984081,-0.39153424233320566,0.8914766909834002,-1.0,1.0,0.026572254713999266,0.835541432222374
0.984699649265611,0.37190105100420845,1.0,0.10204610090611155,-0.5169692032822659,-0.4135676780541533,2.6490256647735775
1.0,-0.8093604866255514,-0.47031180168108483,0.19394837746234284,-0.3810297709713756,-0.29155248776950216,1.4446410925728996
-0.9267800271175236,-0.6571588894759556,0.9957289091551469,-0.4680590604076983,1.0,-0.16067571666125063,0.9938003058125924
-1.0,0.3699925318921149,-1.0,-0.8823160996575798,-0.20235651938623156,0.6316262890456025,2.407994905103181
1.0,1.0,0.4343350324702605,0.40784434594727603,-0.2117496246573657,0.8782479260939939,0.6782715693025635
-1.0,-0.1981935694001915,-0.34918838115731066,-1.0,1.0,-0.25924331189234695,5.310390614047262
-0.8921504244169776,-0.33351776641538966,0.5446773839068529,-1.0,-0.7293679584564734,0.5293336696331181,-2.1284136599702683
-0.11811117053709264,-1.0,-0.24198482700713636,-0.5987650888890249,-0.7566652689369023,0.08840766959613405,0.04864614318582183
0.061645333684684875,0.6213957163126678,0.9225122674754541,1.0,1.0,-0.5777898665493517,-1.853332651569035
0.3457717590494176,-0.27024718112563595,-1.0,-0.699511393266779,0.08202907121112774,1.0,3.9638121120964653
-1.0,-0.12018388534346269,-1.0,-0.3356421099509106,-0.12647405573381149,0.7302736196684924,3.4232864437734145
0.6700769125962378,0.7428187339490884,0.8494325133069398,1.0,1.0,-0.3252621030243731,-3.8675126647922577
-0.4919050570984005,-1.0,0.18670960059385114,0.4486557115501902,1.0,1.0,5.03128553242995
-0.5636544336284515,-0.7555327464204602,-1.0,-1.0,-1.0,-0.5334905357684656,1.5381747183368795
0.08237516867900119,-0.29830381472113643,-0.8393448547263785,0.11697614572327822,1.0,-0.529774017158968,-1.1751971013965323
-0.10087093569640254,-0.719214283895312,-1.0,-0.3250802283864229,-0.9265730608686068,-0.5281728997446653,-0.2208488885067177
-0.6649726634631863,-1.0,-0.5492712620081096,-1.0,1.0,-0.5908587218578253,1.6751020804061278
-1.0,-1.0,-0.2575859743447704,-1.0,0.48739508918437424,1.0,-1.8557872306519592
1.0,-0.009176062097834725,0.5844886943019714,0.6905036559151323,1.0,0.5219529662154108,-3.4876145513792434
0.5146573092592572,0.26236415447555583,0.8669369913298497,0.7112836833824572,0.7640270962787925,0.1673785315686439,-1.9800361309339136
-0.769940995438786,0.49430159795094675,0.12583854010713502,0.605029287062577,-0.47438083457064767,0.1929750981665359,-0.7194905463587873
-1.0,-0.8231926499128783,-0.161495009880249,-0.4030525198110386,1.0,1.0,4.559365519737056
-1.0,-1.0,-1.0,-0.9714515869247184,-0.2226226446284265,0.5139823079942625,-5.725701231265349
-0.4805081537716519,-1.0,-1.0,-0.5912889457865779,-0.9023380049244485,-0.5477504736811213,-0.3887618398660404
-0.32058754948927787,1.0,-1.0,0.9034020699243153,-0.4728356014382424,-1.0,6.185079125937122
-0.27236422101563806,-0.5648452883061722,-1.0,-0.5150919826561612,0.3017384497301814,0.2942143238785911,-0.26794600170373156
-1.0,-0.45601556116981645,0.9534658159404218,0.8659699823936193,1.0,1.0,0.8066381106111368
-0.09280072491176089,-0.7959586196573577,-1.0,-0.36286067124177934,-0.6257815032631404,-0.4976991498730595,-1.3274021413201762
0.3478908997897745,1.0,1.0,-0.04130829375640366,0.5129095815770135,1.0,-2.8631062546140633
-0.5826737567327069,-0.08359707204753342,0.3888557436289713,-0.8027252182555746,-1.0,-1.0,0.282393276109292
-0.4357379306415113,1.0,0.8071415446236639,1.0,0.7070366183522478,-1.0,-3.1360094509415273
0.6199814805737572,-0.41091106599818716,-0.48964774821021506,-0.5984793671888264,1.0,1.0,0.8301877862010258
-0.230152318621917,-0.30120025304197473,-0.12315398535977853,-0.5568918322608643,1.0,0.6741870730919137,2.5357606309709357
1.0,0.527031642006367,1.0,0.7516970402882099,-0.3825940662879066,1.0,-1.017877300036131
-0.8859814205365697,0.2956210539944653,0.8036839232903389,1.0,-1.0,-1.0,0.21989112620121418
0.24860639252653338,0.11138997329625311,1.0,1.0,0.17119697549038548,1.0,-2.4661287293659706
-0.7805982168122257,0.11121886290760499,1.0,-0.3129848536776486,0.7177430987586357,-0.2531772793554234,0.18566754851903625
1.0,0.6482581163233714,0.7988279246037948,-0.06546899837175557,-1.0,-0.37769012920646283,4.877177096064427
-0.8020808109718043,0.8177093078667885,0.6555163302001386,-1.0,0.6392341011153893,1.0,1.9767900248613377
-1.0,-1.0,0.04361294331110932,-1.0,1.0,0.9079913533005195,1.0936709536141516
1.0,0.35544649070283607,0.9736659901273375,1.0,1.0,1.0,-6.556541337119063
0.9983371808866675,-0.3975461773737593,-1.0,0.6831869140922138,0.13033281986684975,-1.0,1.4696804144185736
-1.0,-0.2719650169566365,0.5517865793992396,-0.05245685905595249,0.2270148738844835,0.5674605518021587,-1.0464533127489222
0.8260337200071057,0.8613392649691067,1.0,1.0,-0.4369620591019683,-1.0,4.3824765183516465
0.6243626374660589,1.0,0.33532927764395637,0.7069747250047806,1.0,0.7993407859431142,-0.8569727971814033
-0.6406913404473742,-0.9749568957497678,-1.0,-0.4554353416255432,0.025556085873503442,0.11628253434319535,-3.983534608581948
0.6237786892881145,-0.005562276103216246,0.1063323921936804,-1.0,0.4358921794622976,1.0,2.0020514329609282
0.0376442600171083,1.0,0.06699466106941354,0.08946479658627726,0.7314962149048714,-1.0,1.4021228502453773
-1.0,-0.16315724091513317,-1.0,-1.0,-0.39763029022956564,-0.06903088694384263,-1.9636754480500718
-0.2348201858043033,0.7088303361240316,-0.3519896278070483,1.0,1.0,0.3415434240967361,1.588263470232416
1.0,0.5269256709552739,0.7293902512532429,-0.0344028970190115,-0.08662336911474446,0.6578677253779204,-0.010230177131898985
-1.0,-0.531043278924614,-1.0,-0.7978782654300152,1.0,1.0,5.384583445390148
0.544576537727757,-0.34502599003298107,-0.356839850319773,-0.0725897211751998,0.20086370787782093,-0.5494689808209807,0.9062737898132985
0.5796872830534572,-0.5079286839677932,-1.0,0.4094642540927219,0.1987154018749161,0.20572177123982127,1.1960724804349627
0.14799915840616218,0.39078848067847693,0.33665694834440407,1.0,0.748752564733429,1.0,2.9245246969867678
0.27486372310483426,-0.04070425692006499,-0.5750434648477443,0.07533162441464214,-1.0,-1.0,1.4080658801984334
-0.3005800059357653,-0.5112588702299303,-0.9496346869108707,-1.0,-0.01322062264103796,-1.0,3.5611504325292715
1.0,0.545855326180144,1.0,0.10667120988486234,-0.19605389280645164,-0.9563953020300696,4.210954162466052
1.0,-1.0,-1.0,-0.24007009073960373,0.2718383161050425,0.10470999428336852,-2.2529116795941992
-0.7882409349477637,-1.0,-0.03338065087257436,-0.8591298254528594,0.7672794765563167,0.25572375978749085,0.7181761237374957
-0.6036424343691131,-0.1613156473562259,-1.0,-1.0,-0.14155925846277895,-1.0,3.259454324687146
0.6398906435027929,0.19737984381901807,-0.26751515502451484,0.1651884542152423,0.20311766140907977,0.07667713298900028,-0.29033089273222995
-1.0,-1.0,-0.3599068918755224,-0.23487251181548685,1.0,-0.5367283962944316,2.531054384511087
-1.0,-1.0,-1.0,-1.0,1.0,1.0,-1.033348442551387
-0.07801044632000231,-0.7131475381482423,-0.9433176628274309,-0.5077921136070381,0.528184500851946,0.303707626326162,-1.5195872179116394
-0.9059313982964954,-1.0,0.164868954538685,-1.0,-1.0,0.27031565931462914,0.7833882054000134
0.7029767554605244,0.9559525882936923,1.0,1.0,-0.9096146537878215,0.5400175031773076,-0.11936461629455242
-1.0,-0.5591802871013858,-1.0,-1.0,1.0,0.9171736880900311,3.306046162112759
1.0,1.0,0.1323763836970855,1.0,0.6825937776674725,1.0,0.5335520285948059
-0.7846521629447754,0.21062783665831944,-1.0,-1.0,-0.6781928793150005,-0.8387101870729832,-0.28609632883670727
0.4373122264243494,0.9563356536815083,1.0,-0.14996672453240634,0.34159452635649123,1.0,-2.310179130354371
-1.0,-0.6482634430935404,-0.9498182746194888,-0.6304007452196525,-1.0,0.6072884818914854,-2.0312675824112993
-1.0,-1.0,-1.0,-1.0,-0.023209182975480802,-1.0,2.0620526730109625
0.6496041667838623,1.0,-0.318043653314565,-0.9612009541457434,0.4358682474595197,1.0,6.184928106919591
-0.5666647614205358,-0.08652136072064903,-0.5401189553793435,-1.0,-1.0,-0.5987931621178118,-0.4053387222282494
0.26461680751761496,0.17018711406579157,1.0,0.051474870709923515,0.6929467102615499,-0.3750923699756467,0.010433625384158873
0.12952601137481598,-1.0,-0.601004456396943,0.43363469479144956,-0.6708585310492943,0.23781583187471755,-1.1736045064279752
-1.0,-1.0,-0.5147636021501967,0.30947498764655323,0.27297186609922564,0.12422805360492195,-1.3259060179665667
0.4133224083662981,0.3835740250870702,0.5691654503244674,0.48340708123915643,0.11363023039477604,0.3985489046423354,-0.8034322868158814
1.0,1.0,1.0,0.09795996993520095,-1.0,0.7803457811512936,2.303643318097543
0.10883709894274374,-0.7113183732606084,-0.2188657732738563,1.0,-1.0,-0.1050965737596603,1.824963814343149
0.930005322589034,1.0,0.047356449569467496,0.2068987073153815,-0.7340729632811311,-0.18664078666298103,3.0815283437047256
-0.4288654177511968,-0.1453476665423139,0.14210054408582773,-1.0,-1.0,-0.8729565638485497,2.790373847284377
0.8600551669626544,1.0,0.3220376507219028,1.0,-1.0,-1.0,9.82337449422607
